t,IZY,IXZ_1,IZ_1Z_2,IZ_2Z_3,acc,avg_acc,err,avg_err,adv_acc,avg_adv_acc
1,3.0870254039764404,2476.68505859375,1334.6885986328125,680.8110961914062,0.949999988079071,0.9502999782562256,0.050000011920928955,0.049700021743774414,0.020899999886751175,0.020899999886751175
2,3.1313304901123047,2423.6455078125,1305.87451171875,694.9140014648438,0.9609000086784363,0.9609000086784363,0.03909999132156372,0.03909999132156372,0.01810000091791153,0.01810000091791153
3,3.179309606552124,2414.223388671875,1272.183349609375,684.4816284179688,0.9689000248908997,0.9689000248908997,0.031099975109100342,0.031099975109100342,0.016599999740719795,0.016599999740719795
4,3.207926034927368,2407.716552734375,1266.7586669921875,694.7759399414062,0.9747999906539917,0.9747999906539917,0.0252000093460083,0.0252000093460083,0.012299999594688416,0.012299999594688416
5,3.2182631492614746,2397.99169921875,1266.9801025390625,708.7967529296875,0.9768999814987183,0.9772999882698059,0.02310001850128174,0.022700011730194092,0.01549999974668026,0.015599999576807022
6,3.188775062561035,2385.700927734375,1264.0064697265625,713.779052734375,0.9718999862670898,0.9718999862670898,0.028100013732910156,0.028100013732910156,0.025699999183416367,0.02590000070631504
7,3.2009923458099365,2384.435302734375,1242.07763671875,692.53759765625,0.973800003528595,0.9739000201225281,0.02619999647140503,0.026099979877471924,0.031199999153614044,0.031199999153614044
8,3.2095694541931152,2389.5302734375,1252.0892333984375,722.0460815429688,0.9800000190734863,0.9799000024795532,0.019999980926513672,0.020099997520446777,0.052799999713897705,0.05299999937415123
9,3.225395441055298,2384.58984375,1248.392822265625,717.210205078125,0.9824000000953674,0.9822999835014343,0.01759999990463257,0.017700016498565674,0.03889999911189079,0.03920000046491623
10,3.203582286834717,2389.927978515625,1247.0848388671875,727.3917846679688,0.9787999987602234,0.9787999987602234,0.02120000123977661,0.02120000123977661,0.046799998730421066,0.04699999839067459
11,3.2169032096862793,2377.58251953125,1234.7572021484375,726.756591796875,0.9817000031471252,0.9818000197410583,0.018299996852874756,0.01819998025894165,0.1054999977350235,0.1054999977350235
12,3.2001068592071533,2377.465087890625,1226.791259765625,708.8219604492188,0.9771000146865845,0.9771000146865845,0.022899985313415527,0.022899985313415527,0.09269999712705612,0.0925000011920929
13,3.2017433643341064,2380.380126953125,1227.980224609375,721.131591796875,0.9793999791145325,0.9794999957084656,0.02060002088546753,0.020500004291534424,0.1014999970793724,0.10159999877214432
14,3.2337779998779297,2374.949951171875,1222.8663330078125,712.2266235351562,0.9835000038146973,0.9835000038146973,0.016499996185302734,0.016499996185302734,0.09459999948740005,0.09470000118017197
15,3.1869561672210693,2380.3759765625,1224.3955078125,722.584228515625,0.9760000109672546,0.9758999943733215,0.02399998903274536,0.024100005626678467,0.0868000015616417,0.08709999918937683
16,3.1829028129577637,2381.66796875,1223.3343505859375,713.3233032226562,0.9761999845504761,0.9760000109672546,0.023800015449523926,0.02399998903274536,0.11999999731779099,0.11969999969005585
17,3.186771869659424,2384.584716796875,1232.8814697265625,734.0341186523438,0.9789999723434448,0.9789999723434448,0.021000027656555176,0.021000027656555176,0.17309999465942383,0.1738000065088272
18,3.206087827682495,2385.23193359375,1211.13134765625,693.8126220703125,0.9796000123023987,0.9796000123023987,0.02039998769760132,0.02039998769760132,0.1225999966263771,0.12240000069141388
19,3.1999895572662354,2383.455078125,1212.5555419921875,694.2344360351562,0.9797000288963318,0.9797000288963318,0.020299971103668213,0.020299971103668213,0.12860000133514404,0.12880000472068787
20,3.192188262939453,2383.574462890625,1208.434326171875,690.5025024414062,0.9800000190734863,0.9800999760627747,0.019999980926513672,0.019900023937225342,0.12700000405311584,0.12710000574588776
21,3.207533597946167,2381.289794921875,1204.443359375,690.9002685546875,0.9810000061988831,0.9811999797821045,0.018999993801116943,0.018800020217895508,0.1964000016450882,0.19629999995231628
22,3.20328950881958,2388.435302734375,1198.3218994140625,679.411376953125,0.9810000061988831,0.9810000061988831,0.018999993801116943,0.018999993801116943,0.18870000541210175,0.1890999972820282
23,3.1574547290802,2388.697265625,1206.21630859375,711.8109741210938,0.9761999845504761,0.9761999845504761,0.023800015449523926,0.023800015449523926,0.22470000386238098,0.22429999709129333
24,3.1846060752868652,2379.689453125,1191.292236328125,684.76318359375,0.9790999889373779,0.979200005531311,0.02090001106262207,0.020799994468688965,0.14100000262260437,0.14110000431537628
25,3.1945438385009766,2380.577880859375,1194.2138671875,695.8175048828125,0.9811000227928162,0.9810000061988831,0.018899977207183838,0.018999993801116943,0.24279999732971191,0.24279999732971191
26,3.2123677730560303,2375.218017578125,1184.249755859375,680.388916015625,0.9836999773979187,0.9836999773979187,0.0163000226020813,0.0163000226020813,0.23720000684261322,0.23739999532699585
27,3.1848204135894775,2374.61181640625,1188.96435546875,701.720458984375,0.9817000031471252,0.9817000031471252,0.018299996852874756,0.018299996852874756,0.24230000376701355,0.24279999732971191
28,3.2003836631774902,2372.5244140625,1184.698974609375,700.5650024414062,0.9829999804496765,0.9830999970436096,0.017000019550323486,0.01690000295639038,0.26510000228881836,0.2644999921321869
29,3.193420886993408,2374.1181640625,1179.8985595703125,682.4492797851562,0.983299970626831,0.983299970626831,0.016700029373168945,0.016700029373168945,0.2662000060081482,0.2662000060081482
30,3.2074592113494873,2374.05859375,1183.0010986328125,708.9540405273438,0.9836000204086304,0.9836000204086304,0.01639997959136963,0.01639997959136963,0.26589998602867126,0.26649999618530273
31,3.1915066242218018,2371.2451171875,1174.3048095703125,694.4021606445312,0.9819999933242798,0.9818000197410583,0.018000006675720215,0.01819998025894165,0.2808000147342682,0.28060001134872437
32,3.2100677490234375,2368.298828125,1163.462646484375,654.9315185546875,0.9836000204086304,0.9836999773979187,0.01639997959136963,0.0163000226020813,0.2078000009059906,0.2079000025987625
33,3.2157175540924072,2365.693359375,1154.3509521484375,634.2350463867188,0.9842000007629395,0.984000027179718,0.015799999237060547,0.015999972820281982,0.18889999389648438,0.18889999389648438
34,3.2088756561279297,2370.8310546875,1157.75927734375,657.3196411132812,0.984000027179718,0.9839000105857849,0.015999972820281982,0.016099989414215088,0.25029999017715454,0.2513999938964844
35,3.155426025390625,2369.873291015625,1155.902587890625,669.648193359375,0.9781000018119812,0.9781000018119812,0.0218999981880188,0.0218999981880188,0.21570000052452087,0.2152000069618225
36,3.16247820854187,2362.97314453125,1143.081298828125,640.5347900390625,0.9789000153541565,0.9789000153541565,0.021099984645843506,0.021099984645843506,0.1817999929189682,0.1809999942779541
37,3.2057652473449707,2366.32373046875,1149.544677734375,664.386474609375,0.9835000038146973,0.9836000204086304,0.016499996185302734,0.01639997959136963,0.28690001368522644,0.287200003862381
38,3.1900384426116943,2367.74169921875,1148.7745361328125,669.1922607421875,0.9825000166893005,0.982699990272522,0.017499983310699463,0.017300009727478027,0.2703000009059906,0.26980000734329224
39,3.206403970718384,2364.484619140625,1142.5732421875,666.5755615234375,0.9843000173568726,0.9843000173568726,0.01569998264312744,0.01569998264312744,0.2874999940395355,0.28760001063346863
40,3.2153337001800537,2360.7568359375,1131.6737060546875,624.4579467773438,0.9818000197410583,0.9818000197410583,0.01819998025894165,0.01819998025894165,0.26649999618530273,0.2669000029563904
41,3.2183573246002197,2363.47216796875,1136.1978759765625,659.5924682617188,0.9851999878883362,0.9850999712944031,0.014800012111663818,0.014900028705596924,0.2833999991416931,0.2833999991416931
42,3.2174572944641113,2361.59521484375,1134.940185546875,671.5805053710938,0.9860000014305115,0.9860000014305115,0.013999998569488525,0.013999998569488525,0.29739999771118164,0.2964000105857849
43,3.2159156799316406,2357.511474609375,1127.5789794921875,673.828125,0.9861999750137329,0.9861999750137329,0.01380002498626709,0.01380002498626709,0.2962000072002411,0.2962999939918518
44,3.213383913040161,2351.376953125,1115.623291015625,670.387939453125,0.986299991607666,0.986299991607666,0.013700008392333984,0.013700008392333984,0.28859999775886536,0.28929999470710754
45,3.2110443115234375,2342.890380859375,1094.6151123046875,662.0197143554688,0.986299991607666,0.986299991607666,0.013700008392333984,0.013700008392333984,0.28769999742507935,0.28790000081062317
46,3.2095141410827637,2330.907958984375,1044.0753173828125,649.1653442382812,0.9866999983787537,0.9865000247955322,0.013300001621246338,0.013499975204467773,0.2797999978065491,0.27970001101493835
47,3.2055583000183105,2315.23583984375,950.8237915039062,628.9485473632812,0.9865000247955322,0.9865000247955322,0.013499975204467773,0.013499975204467773,0.2718000113964081,0.2718000113964081
48,3.203500986099243,2293.053466796875,801.0587158203125,598.3429565429688,0.9866999983787537,0.9866999983787537,0.013300001621246338,0.013300001621246338,0.26899999380111694,0.2685999870300293
49,3.203261137008667,2256.064697265625,615.8546752929688,558.2771606445312,0.9868999719619751,0.9868999719619751,0.013100028038024902,0.013100028038024902,0.27399998903274536,0.27410000562667847
50,3.206963539123535,2166.886962890625,468.84942626953125,512.8457641601562,0.9871000051498413,0.9872000217437744,0.012899994850158691,0.012799978256225586,0.3102000057697296,0.3109999895095825
51,3.2137084007263184,2080.23193359375,521.6099853515625,413.6221008300781,0.9822999835014343,0.9824000000953674,0.017700016498565674,0.01759999990463257,0.1745000034570694,0.1770000010728836
52,3.2118005752563477,2089.526123046875,496.61236572265625,436.0670166015625,0.984000027179718,0.984000027179718,0.015999972820281982,0.015999972820281982,0.30410000681877136,0.3059000074863434
53,3.212149143218994,2081.6240234375,490.22894287109375,447.7502746582031,0.9851999878883362,0.9850999712944031,0.014800012111663818,0.014900028705596924,0.310699999332428,0.31470000743865967
54,3.2197697162628174,2079.4091796875,496.5166320800781,441.30169677734375,0.9861000180244446,0.9861000180244446,0.01389998197555542,0.01389998197555542,0.28790000081062317,0.2883000075817108
55,3.2236692905426025,2082.941162109375,490.47576904296875,446.96240234375,0.98580002784729,0.9857000112533569,0.014199972152709961,0.014299988746643066,0.3066999912261963,0.3084000051021576
56,3.2059619426727295,2085.648681640625,501.3305358886719,441.7865905761719,0.9835000038146973,0.9839000105857849,0.016499996185302734,0.016099989414215088,0.32409998774528503,0.3246999979019165
57,3.2122445106506348,2100.291259765625,531.4622802734375,433.8498229980469,0.9840999841690063,0.9840999841690063,0.015900015830993652,0.015900015830993652,0.29589998722076416,0.29649999737739563
58,3.2063982486724854,2102.937255859375,521.279296875,455.14495849609375,0.9843000173568726,0.9843999743461609,0.01569998264312744,0.015600025653839111,0.33180001378059387,0.33250001072883606
59,3.2114834785461426,2097.58544921875,511.71575927734375,469.66339111328125,0.98580002784729,0.9858999848365784,0.014199972152709961,0.01410001516342163,0.34310001134872437,0.34290000796318054
60,3.2094178199768066,2093.96484375,505.1938781738281,478.9640197753906,0.9861000180244446,0.9861999750137329,0.01389998197555542,0.01380002498626709,0.35359999537467957,0.35260000824928284
61,3.2072603702545166,2088.953857421875,499.83575439453125,484.59722900390625,0.9861999750137329,0.986299991607666,0.01380002498626709,0.013700008392333984,0.3517000079154968,0.35429999232292175
62,3.20697021484375,2082.86962890625,495.37310791015625,490.0953674316406,0.9861000180244446,0.986299991607666,0.01389998197555542,0.013700008392333984,0.36000001430511475,0.361299991607666
63,3.2044625282287598,2075.048583984375,490.79290771484375,491.0509033203125,0.986299991607666,0.9865000247955322,0.013700008392333984,0.013499975204467773,0.3531999886035919,0.35409998893737793
64,3.2035772800445557,2064.552490234375,485.41162109375,489.22882080078125,0.9868000149726868,0.9868999719619751,0.013199985027313232,0.013100028038024902,0.357699990272522,0.36059999465942383
65,3.202784299850464,2051.268798828125,479.8248291015625,485.67218017578125,0.9868999719619751,0.9868000149726868,0.013100028038024902,0.013199985027313232,0.3472999930381775,0.34790000319480896
66,3.201766014099121,2033.2840576171875,471.51007080078125,474.3518371582031,0.9868000149726868,0.9868000149726868,0.013199985027313232,0.013199985027313232,0.35659998655319214,0.3589000105857849
67,3.201686143875122,2009.9359130859375,461.9337158203125,458.820556640625,0.9868999719619751,0.9868000149726868,0.013100028038024902,0.013199985027313232,0.3522999882698059,0.3517000079154968
68,3.1999990940093994,1979.0516357421875,451.17791748046875,441.25518798828125,0.9873999953269958,0.9872999787330627,0.01260000467300415,0.012700021266937256,0.35089999437332153,0.35089999437332153
69,3.202608108520508,1939.58740234375,439.2939453125,416.71612548828125,0.9873999953269958,0.9873999953269958,0.01260000467300415,0.01260000467300415,0.3531999886035919,0.35420000553131104
70,3.2037160396575928,1886.96875,423.44732666015625,392.0870361328125,0.9868000149726868,0.9866999983787537,0.013199985027313232,0.013300001621246338,0.36059999465942383,0.36570000648498535
71,3.207981824874878,1818.66259765625,404.83160400390625,366.68878173828125,0.9876000285148621,0.9876000285148621,0.01239997148513794,0.01239997148513794,0.37540000677108765,0.3806000053882599
72,3.207998514175415,1726.15380859375,382.99664306640625,342.670166015625,0.9872999787330627,0.9872999787330627,0.012700021266937256,0.012700021266937256,0.383899986743927,0.3898000121116638
73,3.2155468463897705,1725.61083984375,434.42962646484375,313.7298889160156,0.9857000112533569,0.9855999946594238,0.014299988746643066,0.014400005340576172,0.2809999883174896,0.28220000863075256
74,3.2224156856536865,1736.84228515625,438.88409423828125,315.7810363769531,0.9861999750137329,0.9861999750137329,0.01380002498626709,0.01380002498626709,0.28450000286102295,0.28619998693466187
75,3.212517023086548,1731.6436767578125,428.94464111328125,324.34326171875,0.98580002784729,0.9860000014305115,0.014199972152709961,0.013999998569488525,0.32089999318122864,0.323199987411499
76,3.1923556327819824,1742.29638671875,427.8998718261719,337.5836486816406,0.9843000173568726,0.9842000007629395,0.01569998264312744,0.015799999237060547,0.34459999203681946,0.34529998898506165
77,3.207941770553589,1742.5594482421875,441.52276611328125,324.6701354980469,0.9850000143051147,0.9850000143051147,0.014999985694885254,0.014999985694885254,0.3082999885082245,0.3116999864578247
78,3.2080225944519043,1737.8138427734375,429.3435974121094,339.98687744140625,0.9861000180244446,0.9860000014305115,0.01389998197555542,0.013999998569488525,0.3601999878883362,0.3634999990463257
79,3.2061569690704346,1735.1513671875,424.84283447265625,346.4172668457031,0.9873999953269958,0.9876000285148621,0.01260000467300415,0.01239997148513794,0.38119998574256897,0.38499999046325684
80,3.205909013748169,1730.0106201171875,422.2582702636719,354.07080078125,0.9866999983787537,0.9868999719619751,0.013300001621246338,0.013100028038024902,0.39259999990463257,0.3978999853134155
81,3.2032995223999023,1724.3336181640625,418.76275634765625,358.53076171875,0.987500011920929,0.9872999787330627,0.012499988079071045,0.012700021266937256,0.4025000035762787,0.40799999237060547
82,3.2019712924957275,1717.28662109375,415.2411193847656,361.8832702636719,0.9872999787330627,0.9872000217437744,0.012700021266937256,0.012799978256225586,0.4187000095844269,0.421099990606308
83,3.2017550468444824,1708.43896484375,410.77239990234375,363.4625549316406,0.9869999885559082,0.9869999885559082,0.013000011444091797,0.013000011444091797,0.41130000352859497,0.41620001196861267
84,3.2021095752716064,1696.4844970703125,405.1764831542969,363.57830810546875,0.9869999885559082,0.9868999719619751,0.013000011444091797,0.013100028038024902,0.41130000352859497,0.414900004863739
85,3.200267791748047,1681.687255859375,399.88433837890625,358.556396484375,0.9872999787330627,0.9872000217437744,0.012700021266937256,0.012799978256225586,0.4097000062465668,0.4133000075817108
86,3.201817512512207,1658.47314453125,391.55096435546875,354.82720947265625,0.9873999953269958,0.9873999953269958,0.01260000467300415,0.01260000467300415,0.4058000147342682,0.41019999980926514
87,3.2025303840637207,1631.97314453125,384.1261901855469,345.85235595703125,0.9872999787330627,0.9872000217437744,0.012700021266937256,0.012799978256225586,0.40220001339912415,0.4075999855995178
88,3.1911208629608154,1663.39501953125,421.0850830078125,317.25152587890625,0.9843000173568726,0.984499990940094,0.01569998264312744,0.015500009059906006,0.31630000472068787,0.32330000400543213
89,3.207016706466675,1655.68505859375,416.5213623046875,325.2409973144531,0.9866999983787537,0.9865999817848206,0.013300001621246338,0.013400018215179443,0.3375000059604645,0.3418999910354614
90,3.2034029960632324,1650.083984375,412.11798095703125,332.4835510253906,0.9865999817848206,0.9865999817848206,0.013400018215179443,0.013400018215179443,0.362199991941452,0.3668000102043152
91,3.2027571201324463,1644.290771484375,408.6119079589844,338.90032958984375,0.9865999817848206,0.9866999983787537,0.013400018215179443,0.013300001621246338,0.37560001015663147,0.3799999952316284
92,3.19893741607666,1637.28173828125,404.9154968261719,344.7872314453125,0.9864000082015991,0.9861000180244446,0.013599991798400879,0.01389998197555542,0.3865000009536743,0.39250001311302185
93,3.1979715824127197,1629.0361328125,401.7017517089844,350.94970703125,0.9868999719619751,0.9869999885559082,0.013100028038024902,0.013000011444091797,0.39739999175071716,0.40130001306533813
94,3.197697401046753,1618.652099609375,398.0501708984375,353.6158447265625,0.9869999885559082,0.9869999885559082,0.013000011444091797,0.013000011444091797,0.41179999709129333,0.4171000123023987
95,3.1964666843414307,1608.515869140625,395.9194641113281,354.7347106933594,0.9871000051498413,0.9872000217437744,0.012899994850158691,0.012799978256225586,0.40119999647140503,0.4074000120162964
96,3.1985561847686768,1593.0263671875,390.9534606933594,353.23419189453125,0.9868999719619751,0.9868999719619751,0.013100028038024902,0.013100028038024902,0.40610000491142273,0.4124000072479248
97,3.198605537414551,1574.7681884765625,385.15582275390625,349.7048034667969,0.9873999953269958,0.9873999953269958,0.01260000467300415,0.01260000467300415,0.40209999680519104,0.40869998931884766
98,3.2024874687194824,1546.8787841796875,377.573486328125,342.70269775390625,0.9871000051498413,0.9872000217437744,0.012899994850158691,0.012799978256225586,0.40700000524520874,0.4133000075817108
99,3.2009146213531494,1511.536865234375,369.7372741699219,334.2196350097656,0.9865999817848206,0.9868000149726868,0.013400018215179443,0.013199985027313232,0.4041999876499176,0.4124999940395355
100,3.2017571926116943,1460.3114013671875,359.4021911621094,325.8499755859375,0.9872999787330627,0.9872999787330627,0.012700021266937256,0.012700021266937256,0.40540000796318054,0.4104999899864197
101,3.2034502029418945,1461.9459228515625,403.7273864746094,301.5321960449219,0.9846000075340271,0.984499990940094,0.0153999924659729,0.015500009059906006,0.28529998660087585,0.2874999940395355
102,3.2105777263641357,1459.370361328125,394.01446533203125,307.5184326171875,0.986299991607666,0.9861999750137329,0.013700008392333984,0.01380002498626709,0.34549999237060547,0.3490000069141388
103,3.1972501277923584,1461.2447509765625,397.11700439453125,315.40362548828125,0.9854000210762024,0.9854000210762024,0.014599978923797607,0.014599978923797607,0.35409998893737793,0.3578000068664551
104,3.202664613723755,1460.685791015625,393.50079345703125,313.72808837890625,0.9861999750137329,0.9858999848365784,0.01380002498626709,0.01410001516342163,0.3603000044822693,0.36160001158714294
105,3.203526020050049,1456.332763671875,391.0102233886719,318.45458984375,0.9861000180244446,0.9865000247955322,0.01389998197555542,0.013499975204467773,0.37950000166893005,0.38280001282691956
106,3.2034101486206055,1450.395751953125,387.6943054199219,321.82611083984375,0.9864000082015991,0.9865000247955322,0.013599991798400879,0.013499975204467773,0.3799999952316284,0.38420000672340393
107,3.202566623687744,1443.276611328125,384.6399230957031,325.301513671875,0.9864000082015991,0.9864000082015991,0.013599991798400879,0.013599991798400879,0.3977999985218048,0.4025999903678894
108,3.2004735469818115,1434.728271484375,381.04473876953125,326.1595458984375,0.9865000247955322,0.9865999817848206,0.013499975204467773,0.013400018215179443,0.39809998869895935,0.40290001034736633
109,3.1998252868652344,1424.9603271484375,378.07122802734375,326.28271484375,0.9865999817848206,0.9865000247955322,0.013400018215179443,0.013499975204467773,0.39959999918937683,0.40459999442100525
110,3.202139377593994,1410.2537841796875,373.4248046875,324.4944152832031,0.9866999983787537,0.9868000149726868,0.013300001621246338,0.013199985027313232,0.39890000224113464,0.40610000491142273
111,3.202183485031128,1393.0692138671875,368.8075866699219,321.1598815917969,0.9865999817848206,0.9865999817848206,0.013400018215179443,0.013400018215179443,0.38839998841285706,0.39340001344680786
112,3.2020184993743896,1367.84765625,361.8894348144531,315.7185363769531,0.9866999983787537,0.9866999983787537,0.013300001621246338,0.013300001621246338,0.38960000872612,0.3962000012397766
113,3.181403636932373,1410.2210693359375,391.72607421875,298.75689697265625,0.9843999743461609,0.9842000007629395,0.015600025653839111,0.015799999237060547,0.3301999866962433,0.3325999975204468
114,3.201223850250244,1408.2763671875,386.81170654296875,303.92510986328125,0.986299991607666,0.9861999750137329,0.013700008392333984,0.01380002498626709,0.3822000026702881,0.3871000111103058
115,3.2021937370300293,1404.048583984375,383.4342346191406,307.79510498046875,0.9861999750137329,0.9861000180244446,0.01380002498626709,0.01389998197555542,0.39489999413490295,0.4002000093460083
116,3.2009527683258057,1399.794677734375,380.2318115234375,309.5330810546875,0.9865000247955322,0.9860000014305115,0.013499975204467773,0.013999998569488525,0.4124000072479248,0.414900004863739
117,3.201594591140747,1394.599853515625,377.3284606933594,313.0419921875,0.9865000247955322,0.9864000082015991,0.013499975204467773,0.013599991798400879,0.41510000824928284,0.4194999933242798
118,3.200477123260498,1388.50634765625,374.4710998535156,315.2270202636719,0.9866999983787537,0.9866999983787537,0.013300001621246338,0.013300001621246338,0.4154999852180481,0.41999998688697815
119,3.1983559131622314,1380.920654296875,370.8876037597656,316.94708251953125,0.9861999750137329,0.986299991607666,0.01380002498626709,0.013700008392333984,0.43070000410079956,0.4374000132083893
120,3.1988909244537354,1371.625244140625,367.6466064453125,316.5720520019531,0.9865000247955322,0.9866999983787537,0.013499975204467773,0.013300001621246338,0.42500001192092896,0.4311000108718872
121,3.2010626792907715,1359.8533935546875,363.08856201171875,313.72210693359375,0.9872000217437744,0.9871000051498413,0.012799978256225586,0.012899994850158691,0.4244999885559082,0.42899999022483826
122,3.2005972862243652,1346.1376953125,359.009033203125,311.10089111328125,0.9868999719619751,0.9872000217437744,0.013100028038024902,0.012799978256225586,0.4250999987125397,0.43549999594688416
123,3.201353073120117,1328.2080078125,352.7582092285156,304.5876770019531,0.9872000217437744,0.9872999787330627,0.012799978256225586,0.012700021266937256,0.41290000081062317,0.421999990940094
124,3.2013912200927734,1302.0062255859375,345.5013122558594,300.6205749511719,0.9876000285148621,0.9876000285148621,0.01239997148513794,0.01239997148513794,0.4235999882221222,0.4350999891757965
125,3.2041685581207275,1267.981689453125,336.7308044433594,291.96685791015625,0.9872000217437744,0.9869999885559082,0.012799978256225586,0.013000011444091797,0.42669999599456787,0.43860000371932983
126,3.2003889083862305,1221.1529541015625,326.7007141113281,283.9449462890625,0.9868999719619751,0.9868999719619751,0.013100028038024902,0.013100028038024902,0.42179998755455017,0.4341000020503998
127,3.2011349201202393,1162.780029296875,315.7286682128906,273.9079895019531,0.9872000217437744,0.9868999719619751,0.012799978256225586,0.013100028038024902,0.42260000109672546,0.43459999561309814
128,3.2056448459625244,1085.5045166015625,305.4845275878906,267.0330810546875,0.9872999787330627,0.9873999953269958,0.012700021266937256,0.01260000467300415,0.42260000109672546,0.43939998745918274
129,3.2013115882873535,1089.266357421875,329.00103759765625,253.36077880859375,0.9865999817848206,0.9865999817848206,0.013400018215179443,0.013400018215179443,0.3546000123023987,0.36320000886917114
130,3.1929945945739746,1099.64453125,330.0382385253906,254.359130859375,0.9850999712944031,0.9847999811172485,0.014900028705596924,0.015200018882751465,0.38760000467300415,0.4023999869823456
131,3.2027199268341064,1103.300537109375,331.58563232421875,260.8651123046875,0.9869999885559082,0.9868000149726868,0.013000011444091797,0.013199985027313232,0.39820000529289246,0.40560001134872437
132,3.2056522369384766,1098.922119140625,330.4189758300781,261.576416015625,0.9866999983787537,0.9871000051498413,0.013300001621246338,0.012899994850158691,0.415800005197525,0.4293000102043152
133,3.2019600868225098,1094.8289794921875,328.747802734375,262.98675537109375,0.9869999885559082,0.9869999885559082,0.013000011444091797,0.013000011444091797,0.42910000681877136,0.4388999938964844
134,3.20468807220459,1090.109619140625,326.8279113769531,263.333984375,0.9871000051498413,0.9869999885559082,0.012899994850158691,0.013000011444091797,0.423799991607666,0.43709999322891235
135,3.205334424972534,1099.1763916015625,335.0750427246094,255.04226684570312,0.9878000020980835,0.9876000285148621,0.012199997901916504,0.01239997148513794,0.3790000081062317,0.38940000534057617
136,3.2035915851593018,1092.7099609375,331.8019714355469,261.432373046875,0.987500011920929,0.987500011920929,0.012499988079071045,0.012499988079071045,0.4027999937534332,0.41269999742507935
137,3.207202911376953,1084.5028076171875,327.8032531738281,262.5592041015625,0.9879999756813049,0.988099992275238,0.012000024318695068,0.011900007724761963,0.41940000653266907,0.4320000112056732
138,3.204406976699829,1072.629638671875,323.43719482421875,263.8169860839844,0.9876000285148621,0.9876999855041504,0.01239997148513794,0.01230001449584961,0.4221000075340271,0.4368000030517578
139,3.2072224617004395,1058.945556640625,319.15625,263.54296875,0.9883000254631042,0.988099992275238,0.011699974536895752,0.011900007724761963,0.4262999892234802,0.43869999051094055
140,3.204792022705078,1038.85107421875,313.2529602050781,263.54547119140625,0.9879000186920166,0.9879999756813049,0.012099981307983398,0.012000024318695068,0.43149998784065247,0.4465000033378601
141,3.2076985836029053,1016.3271484375,307.87005615234375,260.1619567871094,0.9876000285148621,0.9876000285148621,0.01239997148513794,0.01239997148513794,0.42989999055862427,0.44859999418258667
142,3.20236873626709,988.6879272460938,301.0084228515625,260.1629943847656,0.9876999855041504,0.9876000285148621,0.01230001449584961,0.01239997148513794,0.43160000443458557,0.45350000262260437
143,3.2026472091674805,971.3466796875,299.5830078125,254.6374053955078,0.9869999885559082,0.9869999885559082,0.013000011444091797,0.013000011444091797,0.4262000024318695,0.4440000057220459
144,3.20428729057312,925.8553466796875,290.89990234375,255.46463012695312,0.988099992275238,0.9879999756813049,0.011900007724761963,0.012000024318695068,0.4372999966144562,0.45829999446868896
145,3.20633602142334,883.076171875,282.6617736816406,245.74169921875,0.9876000285148621,0.9876999855041504,0.01239997148513794,0.01230001449584961,0.429500013589859,0.45010000467300415
146,3.1823573112487793,888.3983764648438,292.43218994140625,249.4685821533203,0.9858999848365784,0.986299991607666,0.01410001516342163,0.013700008392333984,0.4404999911785126,0.46549999713897705
147,3.187065839767456,899.1172485351562,290.5841979980469,262.9250793457031,0.986299991607666,0.9861000180244446,0.013700008392333984,0.01389998197555542,0.44119998812675476,0.46869999170303345
148,3.192805051803589,911.4741821289062,300.7929382324219,254.17721557617188,0.9864000082015991,0.9865999817848206,0.013599991798400879,0.013400018215179443,0.4440000057220459,0.4648999869823456
149,3.18569278717041,943.5292358398438,304.0189208984375,245.93405151367188,0.9855999946594238,0.9857000112533569,0.014400005340576172,0.014299988746643066,0.41029998660087585,0.4296000003814697
150,3.193906545639038,934.5919799804688,311.03070068359375,248.42291259765625,0.9876000285148621,0.9876000285148621,0.01239997148513794,0.01239997148513794,0.41999998688697815,0.43650001287460327
151,3.1930088996887207,932.472412109375,309.9344177246094,249.30392456054688,0.9876000285148621,0.9878000020980835,0.01239997148513794,0.012199997901916504,0.4300999939441681,0.4490000009536743
152,3.1947004795074463,929.6773071289062,308.3671569824219,248.7407989501953,0.9872000217437744,0.9872999787330627,0.012799978256225586,0.012700021266937256,0.42879998683929443,0.45019999146461487
153,3.1969187259674072,927.256591796875,307.3231201171875,247.9283905029297,0.9879999756813049,0.988099992275238,0.012000024318695068,0.011900007724761963,0.4325000047683716,0.4542999863624573
154,3.1988296508789062,921.1209716796875,304.3569641113281,245.9644775390625,0.9876000285148621,0.9878000020980835,0.01239997148513794,0.012199997901916504,0.4334999918937683,0.45509999990463257
155,3.196732997894287,913.5162963867188,301.5283508300781,244.7514190673828,0.9876000285148621,0.9878000020980835,0.01239997148513794,0.012199997901916504,0.43959999084472656,0.45980000495910645
156,3.19864821434021,904.36572265625,298.7447204589844,243.82862854003906,0.9876000285148621,0.9873999953269958,0.01239997148513794,0.01260000467300415,0.42820000648498535,0.45159998536109924
157,3.201247453689575,902.0086669921875,298.484130859375,240.91067504882812,0.9879000186920166,0.9878000020980835,0.012099981307983398,0.012199997901916504,0.42820000648498535,0.45010000467300415
158,3.20308780670166,888.384033203125,295.0072326660156,238.77745056152344,0.9882000088691711,0.9882000088691711,0.011799991130828857,0.011799991130828857,0.43320000171661377,0.4537999927997589
159,3.1989071369171143,866.545166015625,288.8929138183594,237.81858825683594,0.9876999855041504,0.9878000020980835,0.01230001449584961,0.012199997901916504,0.43309998512268066,0.45660001039505005
160,3.197667360305786,849.341796875,284.3821716308594,236.57904052734375,0.9876000285148621,0.9876999855041504,0.01239997148513794,0.01230001449584961,0.4334999918937683,0.46369999647140503
161,3.1997339725494385,830.240966796875,279.8717041015625,232.57968139648438,0.9878000020980835,0.9878000020980835,0.012199997901916504,0.012199997901916504,0.4309999942779541,0.4595000147819519
162,3.197705030441284,810.4089965820312,276.0794372558594,228.35975646972656,0.9878000020980835,0.9876999855041504,0.012199997901916504,0.01230001449584961,0.4189999997615814,0.44589999318122864
163,3.1936817169189453,830.1141357421875,278.75469970703125,230.91421508789062,0.9868000149726868,0.9868000149726868,0.013199985027313232,0.013199985027313232,0.43299999833106995,0.4650999903678894
164,3.1981520652770996,820.3247680664062,277.3385314941406,228.1551055908203,0.9872999787330627,0.9871000051498413,0.012700021266937256,0.012899994850158691,0.43309998512268066,0.460099995136261
165,3.2001566886901855,829.492431640625,279.1575927734375,229.2755126953125,0.9873999953269958,0.9872000217437744,0.01260000467300415,0.012799978256225586,0.4219000041484833,0.4546999931335449
166,3.1997950077056885,816.417724609375,275.32720947265625,226.9598388671875,0.9876999855041504,0.9876000285148621,0.01230001449584961,0.01239997148513794,0.4293999969959259,0.4551999866962433
167,3.199984312057495,800.6458740234375,271.8197021484375,224.41195678710938,0.9868000149726868,0.9871000051498413,0.013199985027313232,0.012899994850158691,0.42309999465942383,0.4560000002384186
168,3.198514699935913,784.9671020507812,268.0516357421875,223.2652587890625,0.9871000051498413,0.9871000051498413,0.012899994850158691,0.012899994850158691,0.4293000102043152,0.46209999918937683
169,3.1998138427734375,793.9258422851562,276.24261474609375,218.61697387695312,0.9868999719619751,0.9871000051498413,0.013100028038024902,0.012899994850158691,0.4074000120162964,0.435699999332428
170,3.203601360321045,787.5858154296875,275.12469482421875,216.99966430664062,0.9879000186920166,0.988099992275238,0.012099981307983398,0.011900007724761963,0.41290000081062317,0.44269999861717224
171,3.200347661972046,782.1022338867188,272.26348876953125,218.25473022460938,0.9876000285148621,0.9876999855041504,0.01239997148513794,0.01230001449584961,0.421099990606308,0.4507000148296356
172,3.1971914768218994,781.442626953125,274.3406982421875,216.74090576171875,0.9879999756813049,0.988099992275238,0.012000024318695068,0.011900007724761963,0.414900004863739,0.4456999897956848
173,3.2032976150512695,768.3624267578125,268.8765869140625,216.4324951171875,0.9879999756813049,0.9879000186920166,0.012000024318695068,0.012099981307983398,0.421099990606308,0.4546999931335449
174,3.2005248069763184,768.1390991210938,271.31982421875,215.5426483154297,0.9873999953269958,0.9878000020980835,0.01260000467300415,0.012199997901916504,0.4262999892234802,0.4514999985694885
175,3.2017757892608643,794.6700439453125,279.9093017578125,211.45516967773438,0.9876999855041504,0.9876000285148621,0.01230001449584961,0.01239997148513794,0.39340001344680786,0.41449999809265137
176,3.204802989959717,786.6810913085938,276.0721130371094,213.12098693847656,0.9876000285148621,0.9878000020980835,0.01239997148513794,0.012199997901916504,0.4212000072002411,0.44929999113082886
177,3.200446367263794,775.0646362304688,271.6376037597656,212.7935028076172,0.9871000051498413,0.9873999953269958,0.012899994850158691,0.01260000467300415,0.4242999851703644,0.4578000009059906
178,3.202770233154297,764.2030639648438,268.5089111328125,213.07516479492188,0.988099992275238,0.9882000088691711,0.011900007724761963,0.011799991130828857,0.4293999969959259,0.46619999408721924
179,3.2052831649780273,749.8555297851562,264.720703125,213.72474670410156,0.9883000254631042,0.9879999756813049,0.011699974536895752,0.012000024318695068,0.4287000000476837,0.4681999981403351
180,3.2045705318450928,729.6082153320312,260.103759765625,213.02426147460938,0.9883000254631042,0.988099992275238,0.011699974536895752,0.011900007724761963,0.43299999833106995,0.4693000018596649
181,3.204824686050415,733.563232421875,265.1073913574219,208.56295776367188,0.9879000186920166,0.9879000186920166,0.012099981307983398,0.012099981307983398,0.42320001125335693,0.45910000801086426
182,3.1998584270477295,712.7020874023438,258.697509765625,209.38551330566406,0.9879999756813049,0.9879999756813049,0.012000024318695068,0.012000024318695068,0.4242999851703644,0.46549999713897705
183,3.20556640625,696.300048828125,254.68560791015625,208.26101684570312,0.9876999855041504,0.9879999756813049,0.01230001449584961,0.012000024318695068,0.4251999855041504,0.46720001101493835
184,3.1947543621063232,723.342041015625,265.3775939941406,206.22671508789062,0.9868999719619751,0.9868000149726868,0.013100028038024902,0.013199985027313232,0.42730000615119934,0.47290000319480896
185,3.2039871215820312,711.961669921875,261.7906494140625,204.21109008789062,0.9876000285148621,0.9878000020980835,0.01239997148513794,0.012199997901916504,0.4293999969959259,0.4634999930858612
186,3.199507713317871,692.8013916015625,253.66656494140625,204.73031616210938,0.9873999953269958,0.9876999855041504,0.01260000467300415,0.01230001449584961,0.43380001187324524,0.47839999198913574
187,3.2008426189422607,670.555908203125,248.37771606445312,203.45932006835938,0.987500011920929,0.9873999953269958,0.012499988079071045,0.01260000467300415,0.4327999949455261,0.47269999980926514
188,3.2006449699401855,668.6114501953125,247.77542114257812,202.29232788085938,0.9868000149726868,0.9866999983787537,0.013199985027313232,0.013300001621246338,0.42149999737739563,0.4648999869823456
189,3.1993114948272705,663.3197631835938,247.076416015625,202.36447143554688,0.9879000186920166,0.9879000186920166,0.012099981307983398,0.012099981307983398,0.42989999055862427,0.47350001335144043
190,3.2019269466400146,658.7003784179688,245.81980895996094,201.24432373046875,0.9878000020980835,0.988099992275238,0.012199997901916504,0.011900007724761963,0.4253000020980835,0.46950000524520874
191,3.1926608085632324,661.64453125,249.52700805664062,198.924072265625,0.9865999817848206,0.9868000149726868,0.013400018215179443,0.013199985027313232,0.43160000443458557,0.47380000352859497
192,3.194399356842041,660.263671875,249.67764282226562,198.11363220214844,0.9873999953269958,0.9872000217437744,0.01260000467300415,0.012799978256225586,0.4165000021457672,0.45969998836517334
193,3.198943614959717,655.31640625,247.2816162109375,197.47601318359375,0.9876999855041504,0.9873999953269958,0.01230001449584961,0.01260000467300415,0.424699991941452,0.4708000123500824
194,3.1971514225006104,639.8980102539062,242.69155883789062,196.8327178955078,0.9876999855041504,0.9872999787330627,0.01230001449584961,0.012700021266937256,0.4318000078201294,0.4787999987602234
195,3.1971044540405273,631.4454345703125,241.76791381835938,195.97952270507812,0.9878000020980835,0.9876999855041504,0.012199997901916504,0.01230001449584961,0.4300999939441681,0.4772000014781952
196,3.197430372238159,631.5716552734375,243.46185302734375,192.52047729492188,0.9876999855041504,0.9878000020980835,0.01230001449584961,0.012199997901916504,0.4036000072956085,0.448199987411499
197,3.197638511657715,614.5550537109375,237.56564331054688,193.2596435546875,0.9876999855041504,0.9876000285148621,0.01230001449584961,0.01239997148513794,0.4244999885559082,0.474700003862381
198,3.1968979835510254,638.752197265625,244.5064697265625,192.7681884765625,0.9879999756813049,0.9879000186920166,0.012000024318695068,0.012099981307983398,0.41600000858306885,0.45809999108314514
199,3.198234796524048,654.1616821289062,248.77902221679688,191.1453094482422,0.9876000285148621,0.9873999953269958,0.01239997148513794,0.01260000467300415,0.41909998655319214,0.46070000529289246
200,3.1987667083740234,634.3314208984375,239.44692993164062,190.97247314453125,0.9883999824523926,0.9882000088691711,0.011600017547607422,0.011799991130828857,0.41119998693466187,0.4593000113964081
201,3.198929786682129,630.3515625,238.59121704101562,189.1550750732422,0.9873999953269958,0.987500011920929,0.01260000467300415,0.012499988079071045,0.4187999963760376,0.45899999141693115
202,3.1992647647857666,631.473388671875,242.94827270507812,187.5804443359375,0.9878000020980835,0.9876000285148621,0.012199997901916504,0.01239997148513794,0.4083999991416931,0.453900009393692
203,3.1984570026397705,628.5531005859375,240.282470703125,185.7816619873047,0.9869999885559082,0.9873999953269958,0.013000011444091797,0.01260000467300415,0.39649999141693115,0.44279998540878296
204,3.1928272247314453,638.5677490234375,241.12234497070312,186.06724548339844,0.9871000051498413,0.9872000217437744,0.012899994850158691,0.012799978256225586,0.41449999809265137,0.46389999985694885
205,3.195880174636841,615.787841796875,233.69476318359375,186.7491455078125,0.9876000285148621,0.9873999953269958,0.01239997148513794,0.01260000467300415,0.42750000953674316,0.48249998688697815
206,3.1966543197631836,615.6435546875,234.34149169921875,185.50396728515625,0.9872999787330627,0.9871000051498413,0.012700021266937256,0.012899994850158691,0.4065000116825104,0.45660001039505005
207,3.2031290531158447,604.0410766601562,233.6470947265625,184.16668701171875,0.9879999756813049,0.9879999756813049,0.012000024318695068,0.012000024318695068,0.42719998955726624,0.47839999198913574
208,3.200808525085449,650.3341674804688,249.81881713867188,180.0411376953125,0.9876999855041504,0.9873999953269958,0.01230001449584961,0.01260000467300415,0.37770000100135803,0.421099990606308
209,3.1926698684692383,624.7803955078125,237.2762451171875,181.7071533203125,0.9868999719619751,0.9864000082015991,0.013100028038024902,0.013599991798400879,0.3968999981880188,0.45100000500679016
210,3.194390058517456,602.3070068359375,229.89151000976562,181.83981323242188,0.9860000014305115,0.9861000180244446,0.013999998569488525,0.01389998197555542,0.3937000036239624,0.4496999979019165
211,3.1954286098480225,626.3590698242188,243.20681762695312,178.73602294921875,0.9872000217437744,0.9873999953269958,0.012799978256225586,0.01260000467300415,0.38440001010894775,0.4291999936103821
212,3.1888105869293213,611.2615356445312,236.87649536132812,180.08648681640625,0.9865000247955322,0.9864000082015991,0.013499975204467773,0.013599991798400879,0.39480000734329224,0.4512999951839447
213,3.1986544132232666,612.369873046875,245.48959350585938,176.363037109375,0.9871000051498413,0.9871000051498413,0.012899994850158691,0.012899994850158691,0.36719998717308044,0.41280001401901245
214,3.1985130310058594,596.2306518554688,236.84674072265625,177.6190185546875,0.987500011920929,0.9878000020980835,0.012499988079071045,0.012199997901916504,0.388700008392334,0.445499986410141
215,3.1968116760253906,582.6895751953125,231.87838745117188,178.39878845214844,0.9882000088691711,0.9883000254631042,0.011799991130828857,0.011699974536895752,0.39809998869895935,0.4586000144481659
216,3.1990978717803955,591.0523071289062,236.254150390625,177.21456909179688,0.9876999855041504,0.9876999855041504,0.01230001449584961,0.01230001449584961,0.3885999917984009,0.444599986076355
217,3.201662063598633,590.986572265625,238.0403594970703,176.26622009277344,0.9883999824523926,0.9886999726295471,0.011600017547607422,0.01130002737045288,0.37059998512268066,0.43369999527931213
218,3.1993613243103027,576.1202392578125,230.6602325439453,177.79115295410156,0.9876999855041504,0.9873999953269958,0.01230001449584961,0.01260000467300415,0.3840000033378601,0.4471000134944916
219,3.1971864700317383,605.7659301757812,246.24685668945312,173.44078063964844,0.9872999787330627,0.9871000051498413,0.012700021266937256,0.012899994850158691,0.3582000136375427,0.3986000120639801
220,3.199747323989868,589.3473510742188,236.53041076660156,174.51019287109375,0.9871000051498413,0.987500011920929,0.012899994850158691,0.012499988079071045,0.382099986076355,0.44020000100135803
221,3.1984548568725586,586.0006713867188,234.86538696289062,175.2544403076172,0.987500011920929,0.9876999855041504,0.012499988079071045,0.01230001449584961,0.38659998774528503,0.4440000057220459
222,3.200819969177246,598.5869140625,237.40060424804688,174.72959899902344,0.9879000186920166,0.9879999756813049,0.012099981307983398,0.012000024318695068,0.38100001215934753,0.44369998574256897
223,3.196899652481079,617.8604125976562,245.05838012695312,172.696533203125,0.9865000247955322,0.9864000082015991,0.013499975204467773,0.013599991798400879,0.36959999799728394,0.427700012922287
224,3.200922966003418,609.8235473632812,240.25439453125,173.22311401367188,0.9879000186920166,0.9878000020980835,0.012099981307983398,0.012199997901916504,0.3864000141620636,0.4462999999523163
225,3.201547861099243,602.942138671875,236.52557373046875,173.1222686767578,0.9868999719619751,0.9868999719619751,0.013100028038024902,0.013100028038024902,0.382099986076355,0.44369998574256897
226,3.1966938972473145,593.7340698242188,234.52554321289062,173.54444885253906,0.9876000285148621,0.9879000186920166,0.01239997148513794,0.012099981307983398,0.38440001010894775,0.446399986743927
227,3.192976951599121,606.270751953125,241.20237731933594,171.8324737548828,0.9868999719619751,0.9866999983787537,0.013100028038024902,0.013300001621246338,0.36739999055862427,0.4268999993801117
228,3.2002642154693604,595.7757568359375,236.64352416992188,172.697509765625,0.9872000217437744,0.9869999885559082,0.012799978256225586,0.013000011444091797,0.37950000166893005,0.44130000472068787
229,3.199599266052246,611.141845703125,245.75772094726562,170.92579650878906,0.9869999885559082,0.9868000149726868,0.013000011444091797,0.013199985027313232,0.3598000109195709,0.4138000011444092
230,3.2018704414367676,599.100341796875,239.616455078125,171.73468017578125,0.9868000149726868,0.9869999885559082,0.013199985027313232,0.013000011444091797,0.3714999854564667,0.43369999527931213
231,3.2054269313812256,588.79296875,234.83078002929688,172.32305908203125,0.988099992275238,0.9879999756813049,0.011900007724761963,0.012000024318695068,0.3741999864578247,0.4361000061035156
232,3.200500249862671,578.5914916992188,231.34078979492188,172.42330932617188,0.9879000186920166,0.9879999756813049,0.012099981307983398,0.012000024318695068,0.3711000084877014,0.43639999628067017
233,3.196678400039673,572.3065795898438,230.01181030273438,171.81814575195312,0.9871000051498413,0.987500011920929,0.012899994850158691,0.012499988079071045,0.37279999256134033,0.4377000033855438
234,3.1956801414489746,576.0489501953125,236.22093200683594,170.6258544921875,0.9868000149726868,0.9868999719619751,0.013199985027313232,0.013100028038024902,0.3698999881744385,0.4350000023841858
235,3.2005410194396973,569.3486938476562,231.73765563964844,171.22885131835938,0.9873999953269958,0.9873999953269958,0.01260000467300415,0.01260000467300415,0.37940001487731934,0.4496999979019165
236,3.197354793548584,562.8858642578125,229.6456298828125,171.62364196777344,0.9866999983787537,0.9872000217437744,0.013300001621246338,0.012799978256225586,0.37139999866485596,0.44209998846054077
237,3.1943647861480713,552.8023681640625,225.902099609375,172.28607177734375,0.9871000051498413,0.9872999787330627,0.012899994850158691,0.012700021266937256,0.3792000114917755,0.44670000672340393
238,3.1973862648010254,558.5230712890625,227.77005004882812,170.29766845703125,0.9871000051498413,0.9872000217437744,0.012899994850158691,0.012799978256225586,0.36739999055862427,0.438400000333786
239,3.2032949924468994,554.2437133789062,226.59573364257812,171.2746124267578,0.987500011920929,0.9878000020980835,0.012499988079071045,0.012199997901916504,0.3686000108718872,0.44200000166893005
240,3.195889472961426,545.2081298828125,222.82769775390625,171.39952087402344,0.9871000051498413,0.9871000051498413,0.012899994850158691,0.012899994850158691,0.374099999666214,0.4465999901294708
241,3.2008697986602783,538.9334106445312,221.0275421142578,170.97955322265625,0.9868999719619751,0.9872000217437744,0.013100028038024902,0.012799978256225586,0.3628000020980835,0.43810001015663147
242,3.2092385292053223,548.1614990234375,225.30213928222656,168.38307189941406,0.987500011920929,0.9878000020980835,0.012499988079071045,0.012199997901916504,0.36059999465942383,0.4300999939441681
243,3.194032907485962,540.1908569335938,222.08416748046875,170.2896270751953,0.9876000285148621,0.9879000186920166,0.01239997148513794,0.012099981307983398,0.3675999939441681,0.4449999928474426
244,3.2062265872955322,555.5613403320312,229.3666229248047,168.18101501464844,0.9871000051498413,0.987500011920929,0.012899994850158691,0.012499988079071045,0.3578000068664551,0.42750000953674316
245,3.206434965133667,543.4649658203125,223.11395263671875,169.18316650390625,0.9882000088691711,0.9879999756813049,0.011799991130828857,0.012000024318695068,0.36719998717308044,0.4429999887943268
246,3.2020211219787598,545.236572265625,224.08786010742188,169.31918334960938,0.9879000186920166,0.9876999855041504,0.012099981307983398,0.01230001449584961,0.37689998745918274,0.4553000032901764
247,3.1961541175842285,542.09326171875,221.54815673828125,169.99609375,0.9876999855041504,0.9872999787330627,0.01230001449584961,0.012700021266937256,0.3716999888420105,0.4514999985694885
248,3.202249050140381,544.4317626953125,222.31298828125,168.645263671875,0.9878000020980835,0.9876000285148621,0.012199997901916504,0.01239997148513794,0.3589000105857849,0.4415000081062317
249,3.1953134536743164,530.9054565429688,217.58322143554688,169.40948486328125,0.987500011920929,0.987500011920929,0.012499988079071045,0.012499988079071045,0.3619999885559082,0.4510999917984009
250,3.2008845806121826,523.9854736328125,216.15550231933594,169.7650146484375,0.9878000020980835,0.9879999756813049,0.012199997901916504,0.012000024318695068,0.3578999936580658,0.4359999895095825
251,3.1981401443481445,524.0887451171875,216.24081420898438,167.92022705078125,0.9872000217437744,0.9872999787330627,0.012799978256225586,0.012700021266937256,0.36329999566078186,0.44440001249313354
252,3.202821969985962,532.9448852539062,220.56246948242188,166.34732055664062,0.9873999953269958,0.9871000051498413,0.01260000467300415,0.012899994850158691,0.3449999988079071,0.41850000619888306
253,3.192556381225586,527.54248046875,217.72190856933594,167.56460571289062,0.9873999953269958,0.9876999855041504,0.01260000467300415,0.01230001449584961,0.35740000009536743,0.4408999979496002
254,3.1950247287750244,525.8192138671875,217.23410034179688,166.68649291992188,0.9876000285148621,0.987500011920929,0.01239997148513794,0.012499988079071045,0.367000013589859,0.4447000026702881
255,3.1987900733947754,529.8231811523438,219.94635009765625,165.63909912109375,0.9872000217437744,0.987500011920929,0.012799978256225586,0.012499988079071045,0.3650999963283539,0.4424999952316284
256,3.2030553817749023,521.85400390625,215.8922882080078,166.4407958984375,0.9876000285148621,0.9876000285148621,0.01239997148513794,0.01239997148513794,0.35420000553131104,0.43860000371932983
257,3.1946046352386475,528.5126342773438,219.1210479736328,165.4293670654297,0.9873999953269958,0.9872999787330627,0.01260000467300415,0.012700021266937256,0.35260000824928284,0.4323999881744385
258,3.197248697280884,526.8375244140625,217.95608520507812,165.37210083007812,0.987500011920929,0.9878000020980835,0.012499988079071045,0.012199997901916504,0.35100001096725464,0.42820000648498535
259,3.2002615928649902,520.3570556640625,215.35137939453125,165.61184692382812,0.9873999953269958,0.9876999855041504,0.01260000467300415,0.01230001449584961,0.35929998755455017,0.44350001215934753
260,3.202562093734741,516.7274780273438,215.1383514404297,166.24957275390625,0.9873999953269958,0.9872999787330627,0.01260000467300415,0.012700021266937256,0.3508000075817108,0.42800000309944153
261,3.2028400897979736,515.6792602539062,215.04112243652344,165.16543579101562,0.988099992275238,0.9876999855041504,0.011900007724761963,0.01230001449584961,0.3528999984264374,0.43970000743865967
262,3.193855047225952,514.6275024414062,214.63487243652344,165.02381896972656,0.9878000020980835,0.9876000285148621,0.012199997901916504,0.01239997148513794,0.35109999775886536,0.429500013589859
263,3.203855037689209,518.3593139648438,215.8646240234375,163.939208984375,0.9876000285148621,0.987500011920929,0.01239997148513794,0.012499988079071045,0.34310001134872437,0.42640000581741333
264,3.20241379737854,521.6349487304688,218.70516967773438,163.39271545410156,0.9871000051498413,0.9868000149726868,0.012899994850158691,0.013199985027313232,0.3368000090122223,0.4185999929904938
265,3.1959102153778076,523.8543701171875,221.04176330566406,162.77574157714844,0.9869999885559082,0.9868000149726868,0.013000011444091797,0.013199985027313232,0.3400999903678894,0.41269999742507935
266,3.1920418739318848,523.6891479492188,221.68722534179688,163.36666870117188,0.987500011920929,0.9873999953269958,0.012499988079071045,0.01260000467300415,0.3422999978065491,0.41190001368522644
267,3.197765350341797,531.7227783203125,226.60189819335938,162.4049530029297,0.9873999953269958,0.9873999953269958,0.01260000467300415,0.01260000467300415,0.3409000039100647,0.41589999198913574
268,3.1968469619750977,520.9963989257812,220.66412353515625,163.7181396484375,0.9879000186920166,0.9879000186920166,0.012099981307983398,0.012099981307983398,0.34630000591278076,0.4203999936580658
269,3.1988940238952637,513.49560546875,218.05613708496094,164.26336669921875,0.9871000051498413,0.9868999719619751,0.012899994850158691,0.013100028038024902,0.353300005197525,0.4293999969959259
270,3.2026491165161133,510.6169738769531,215.7194061279297,164.0207061767578,0.9879000186920166,0.9882000088691711,0.012099981307983398,0.011799991130828857,0.33340001106262207,0.42250001430511475
271,3.200486183166504,529.6683959960938,224.4873504638672,161.79379272460938,0.9878000020980835,0.9879000186920166,0.012199997901916504,0.012099981307983398,0.33480000495910645,0.4074999988079071
272,3.198286533355713,520.2913818359375,219.39488220214844,162.92721557617188,0.9871000051498413,0.9869999885559082,0.012899994850158691,0.013000011444091797,0.33980000019073486,0.4212000072002411
273,3.2044689655303955,525.07470703125,221.43927001953125,161.9122772216797,0.9876000285148621,0.987500011920929,0.01239997148513794,0.012499988079071045,0.3452000021934509,0.4162999987602234
274,3.205432891845703,518.33837890625,218.02279663085938,163.12051391601562,0.9883000254631042,0.9882000088691711,0.011699974536895752,0.011799991130828857,0.349700003862381,0.4318000078201294
275,3.1995797157287598,511.0042419433594,215.20741271972656,164.4980926513672,0.987500011920929,0.9876000285148621,0.012499988079071045,0.01239997148513794,0.3499999940395355,0.43720000982284546
276,3.2010324001312256,520.0585327148438,218.24647521972656,162.2148895263672,0.9872999787330627,0.9876000285148621,0.012700021266937256,0.01239997148513794,0.35569998621940613,0.4332999885082245
277,3.1998043060302734,517.7131958007812,216.5032196044922,162.02752685546875,0.9876000285148621,0.9876999855041504,0.01239997148513794,0.01230001449584961,0.34529998898506165,0.4287000000476837
278,3.2053489685058594,509.8271484375,212.9487762451172,163.65133666992188,0.9876000285148621,0.9876000285148621,0.01239997148513794,0.01239997148513794,0.3506999909877777,0.4357999861240387
279,3.1997108459472656,514.35009765625,216.17703247070312,162.29254150390625,0.9873999953269958,0.9871000051498413,0.01260000467300415,0.012899994850158691,0.3416999876499176,0.4244000017642975
280,3.1967933177948,518.2515869140625,219.33531188964844,161.47412109375,0.9866999983787537,0.9865999817848206,0.013300001621246338,0.013400018215179443,0.33980000019073486,0.4189000129699707
281,3.1977179050445557,511.3034973144531,215.59552001953125,162.46475219726562,0.9876999855041504,0.9876000285148621,0.01230001449584961,0.01239997148513794,0.34389999508857727,0.4221000075340271
282,3.1957662105560303,507.21026611328125,213.28750610351562,162.12086486816406,0.9871000051498413,0.9869999885559082,0.012899994850158691,0.013000011444091797,0.3391999900341034,0.42809998989105225
283,3.200778007507324,503.0953369140625,212.4337158203125,162.24896240234375,0.9876999855041504,0.9876000285148621,0.01230001449584961,0.01239997148513794,0.34940001368522644,0.43299999833106995
284,3.195432424545288,501.0593566894531,212.02618408203125,162.467041015625,0.9872000217437744,0.9873999953269958,0.012799978256225586,0.01260000467300415,0.3467999994754791,0.4300000071525574
285,3.199522018432617,498.5347900390625,210.8829803466797,162.59072875976562,0.9871000051498413,0.9873999953269958,0.012899994850158691,0.01260000467300415,0.3382999897003174,0.4300999939441681
286,3.2006640434265137,490.26251220703125,207.3780975341797,163.11679077148438,0.9876999855041504,0.9879999756813049,0.01230001449584961,0.012000024318695068,0.3368000090122223,0.42809998989105225
287,3.2047109603881836,499.5721130371094,211.66940307617188,161.1544189453125,0.988099992275238,0.9883000254631042,0.011900007724761963,0.011699974536895752,0.33709999918937683,0.42250001430511475
288,3.1964364051818848,512.0497436523438,217.0755157470703,159.47799682617188,0.9865000247955322,0.9865999817848206,0.013499975204467773,0.013400018215179443,0.3244999945163727,0.4032999873161316
289,3.1988823413848877,509.34600830078125,215.3565673828125,160.27664184570312,0.987500011920929,0.9876999855041504,0.012499988079071045,0.01230001449584961,0.3402999937534332,0.42100000381469727
290,3.1971023082733154,507.6418762207031,214.05471801757812,159.57723999023438,0.9873999953269958,0.9873999953269958,0.01260000467300415,0.01260000467300415,0.3296999931335449,0.415800005197525
291,3.1993753910064697,510.66754150390625,216.62045288085938,160.14122009277344,0.9876999855041504,0.988099992275238,0.01230001449584961,0.011900007724761963,0.3257000148296356,0.4081000089645386
292,3.1996943950653076,508.3522033691406,215.79855346679688,160.444091796875,0.9876000285148621,0.9878000020980835,0.01239997148513794,0.012199997901916504,0.33149999380111694,0.41589999198913574
293,3.189256429672241,507.756103515625,215.36170959472656,159.75704956054688,0.9866999983787537,0.9868000149726868,0.013300001621246338,0.013199985027313232,0.3312999904155731,0.4259999990463257
294,3.2044460773468018,506.0675964355469,214.13720703125,160.33834838867188,0.987500011920929,0.9872999787330627,0.012499988079071045,0.012700021266937256,0.3361000120639801,0.41600000858306885
295,3.1961967945098877,501.7924499511719,212.40272521972656,160.8044891357422,0.9865999817848206,0.9868000149726868,0.013400018215179443,0.013199985027313232,0.33559998869895935,0.4163999855518341
296,3.2033674716949463,506.741455078125,215.38734436035156,159.34417724609375,0.9876999855041504,0.9879000186920166,0.01230001449584961,0.012099981307983398,0.334199994802475,0.41510000824928284
297,3.1995410919189453,500.58251953125,212.21487426757812,160.20933532714844,0.9866999983787537,0.9866999983787537,0.013300001621246338,0.013300001621246338,0.3346000015735626,0.4207000136375427
298,3.1957085132598877,499.940185546875,212.41439819335938,160.2719268798828,0.9873999953269958,0.9872000217437744,0.01260000467300415,0.012799978256225586,0.33340001106262207,0.41850000619888306
299,3.197205066680908,496.84954833984375,211.1734161376953,160.47714233398438,0.9882000088691711,0.9879999756813049,0.011799991130828857,0.012000024318695068,0.33379998803138733,0.42890000343322754
300,3.2012534141540527,491.4117736816406,208.78436279296875,161.0572967529297,0.9871000051498413,0.9873999953269958,0.012899994850158691,0.01260000467300415,0.3418000042438507,0.43160000443458557
