t,IZY,IXZ_1,IZ_1Z_2,acc,avg_acc,err,avg_err,adv_acc,avg_adv_acc
1,3.107448101043701,351.11273193359375,246.725341796875,0.9526000022888184,0.9531000256538391,0.04739999771118164,0.04689997434616089,0.024000000208616257,0.023499999195337296
2,3.150437116622925,252.7292022705078,201.43402099609375,0.9617000222206116,0.9614999890327454,0.03829997777938843,0.03850001096725464,0.02669999934732914,0.028200000524520874
3,3.1973891258239746,216.958740234375,175.14324951171875,0.9721999764442444,0.9735000133514404,0.027800023555755615,0.02649998664855957,0.02800000086426735,0.029600000008940697
4,3.1664860248565674,181.11363220214844,155.05564880371094,0.96670001745224,0.9666000008583069,0.03329998254776001,0.033399999141693115,0.03790000081062317,0.04259999841451645
5,3.1897120475769043,182.26943969726562,147.81126403808594,0.9717000126838684,0.9722999930381775,0.028299987316131592,0.02770000696182251,0.04500000178813934,0.05609999969601631
6,3.2109951972961426,181.7738037109375,147.3677978515625,0.9757999777793884,0.9764999747276306,0.024200022220611572,0.023500025272369385,0.03790000081062317,0.04439999908208847
7,3.223634719848633,171.0341796875,138.68063354492188,0.9793000221252441,0.9794999957084656,0.02069997787475586,0.020500004291534424,0.03909999877214432,0.04740000143647194
8,3.1691527366638184,181.87493896484375,147.26419067382812,0.9707000255584717,0.9711999893188477,0.02929997444152832,0.028800010681152344,0.05079999938607216,0.05979999899864197
9,3.1954269409179688,153.43768310546875,129.22891235351562,0.975600004196167,0.9753999710083008,0.024399995803833008,0.02460002899169922,0.06120000034570694,0.07339999824762344
10,3.1989505290985107,138.6073760986328,128.64454650878906,0.9761000275611877,0.9764000177383423,0.023899972438812256,0.023599982261657715,0.05700000002980232,0.07339999824762344
11,3.217294931411743,192.85232543945312,149.18601989746094,0.9810000061988831,0.9807999730110168,0.018999993801116943,0.019200026988983154,0.03189999982714653,0.03480000048875809
12,3.2142062187194824,192.05899047851562,146.62225341796875,0.9801999926567078,0.9801999926567078,0.019800007343292236,0.019800007343292236,0.026200000196695328,0.030400000512599945
13,3.2186410427093506,120.77531433105469,108.38062286376953,0.9818000197410583,0.9819999933242798,0.01819998025894165,0.018000006675720215,0.06499999761581421,0.08259999752044678
14,3.2099177837371826,171.94430541992188,135.6036376953125,0.9787999987602234,0.978600025177002,0.02120000123977661,0.021399974822998047,0.04050000011920929,0.04729999974370003
15,3.215224504470825,138.14573669433594,113.28111267089844,0.9807000160217285,0.9805999994277954,0.019299983978271484,0.01940000057220459,0.06750000268220901,0.08959999680519104
16,3.218353748321533,114.21630859375,98.1208724975586,0.9814000129699707,0.9815000295639038,0.018599987030029297,0.01849997043609619,0.07970000058412552,0.1031000018119812
17,3.2156829833984375,110.26191711425781,99.30939483642578,0.9818999767303467,0.9818999767303467,0.01810002326965332,0.01810002326965332,0.07199999690055847,0.09619999676942825
18,3.2045326232910156,106.28507232666016,104.32307434082031,0.9817000031471252,0.9812999963760376,0.018299996852874756,0.018700003623962402,0.10249999910593033,0.14110000431537628
19,3.2123754024505615,95.46105194091797,96.49764251708984,0.9819999933242798,0.9821000099182129,0.018000006675720215,0.01789999008178711,0.10279999673366547,0.13650000095367432
20,3.2025675773620605,99.36083984375,92.37281799316406,0.9815000295639038,0.9811999797821045,0.01849997043609619,0.018800020217895508,0.10970000177621841,0.14489999413490295
21,3.2034037113189697,116.30416107177734,97.7009506225586,0.9797999858856201,0.9803000092506409,0.020200014114379883,0.01969999074935913,0.08410000056028366,0.10300000011920929
22,3.2043137550354004,88.25985717773438,89.27894592285156,0.9815000295639038,0.9814000129699707,0.01849997043609619,0.018599987030029297,0.11969999969005585,0.15219999849796295
23,3.209944009780884,90.73664093017578,85.19750213623047,0.9818999767303467,0.9821000099182129,0.01810002326965332,0.01789999008178711,0.11140000075101852,0.14259999990463257
24,3.1906204223632812,96.56824493408203,93.35289001464844,0.9789999723434448,0.978600025177002,0.021000027656555176,0.021399974822998047,0.1354999989271164,0.1753000020980835
25,3.1769421100616455,100.68474578857422,88.17753601074219,0.9778000116348267,0.9782000184059143,0.02219998836517334,0.021799981594085693,0.1111999973654747,0.1387999951839447
26,3.2021825313568115,85.81684875488281,83.51124572753906,0.9818999767303467,0.9821000099182129,0.01810002326965332,0.01789999008178711,0.14350000023841858,0.16920000314712524
27,3.191488027572632,82.5980224609375,81.29791259765625,0.9814000129699707,0.9812999963760376,0.018599987030029297,0.018700003623962402,0.17090000212192535,0.20600000023841858
28,3.204442262649536,81.22267150878906,83.6712875366211,0.9818999767303467,0.982699990272522,0.01810002326965332,0.017300009727478027,0.1665000021457672,0.21220000088214874
29,3.1943342685699463,91.74874877929688,87.32063293457031,0.9811999797821045,0.9812999963760376,0.018800020217895508,0.018700003623962402,0.1582999974489212,0.18870000541210175
30,3.225120782852173,73.98741149902344,76.89739990234375,0.9847999811172485,0.9840999841690063,0.015200018882751465,0.015900015830993652,0.20029999315738678,0.24709999561309814
31,3.2030482292175293,80.47711944580078,79.20195007324219,0.9812999963760376,0.9814000129699707,0.018700003623962402,0.018599987030029297,0.16419999301433563,0.1996999979019165
32,3.2035305500030518,90.05963897705078,79.15765380859375,0.9821000099182129,0.9825999736785889,0.01789999008178711,0.017400026321411133,0.16099999845027924,0.1941000074148178
33,3.1932578086853027,68.08922576904297,72.64216613769531,0.9807999730110168,0.9804999828338623,0.019200026988983154,0.019500017166137695,0.21140000224113464,0.25189998745918274
34,3.1903574466705322,69.32927703857422,78.51815032958984,0.9817000031471252,0.982200026512146,0.018299996852874756,0.017799973487854004,0.2087000012397766,0.24860000610351562
35,3.1970648765563965,86.19343566894531,84.71288299560547,0.980400025844574,0.9810000061988831,0.019599974155426025,0.018999993801116943,0.1881999969482422,0.2304999977350235
36,3.192951202392578,68.93836975097656,73.35099792480469,0.9821000099182129,0.9818000197410583,0.01789999008178711,0.01819998025894165,0.24609999358654022,0.2904999852180481
37,3.185204029083252,74.92008972167969,75.44204711914062,0.9822999835014343,0.9821000099182129,0.017700016498565674,0.01789999008178711,0.23250000178813934,0.2865000069141388
38,3.196009397506714,58.41888427734375,73.63728332519531,0.9830999970436096,0.9836000204086304,0.01690000295639038,0.01639997959136963,0.25270000100135803,0.31839999556541443
39,3.1914148330688477,70.38658905029297,75.10845184326172,0.982699990272522,0.9830999970436096,0.017300009727478027,0.01690000295639038,0.24120000004768372,0.2815999984741211
40,3.2068867683410645,58.993709564208984,69.658935546875,0.9836999773979187,0.9840999841690063,0.0163000226020813,0.015900015830993652,0.24480000138282776,0.29190000891685486
41,3.20275616645813,62.51879119873047,70.65631103515625,0.9836000204086304,0.9836999773979187,0.01639997959136963,0.0163000226020813,0.2551000118255615,0.30000001192092896
42,3.2197368144989014,67.40679168701172,72.04322052001953,0.9846000075340271,0.9850999712944031,0.0153999924659729,0.014900028705596924,0.24699999392032623,0.28870001435279846
43,3.1975317001342773,77.33155059814453,72.2030029296875,0.9821000099182129,0.9825000166893005,0.01789999008178711,0.017499983310699463,0.2328999936580658,0.26460000872612
44,3.2143874168395996,57.72065734863281,65.6587905883789,0.984000027179718,0.9839000105857849,0.015999972820281982,0.016099989414215088,0.27300000190734863,0.33340001106262207
45,3.2222557067871094,58.83100128173828,65.79383087158203,0.9861999750137329,0.98580002784729,0.01380002498626709,0.014199972152709961,0.26829999685287476,0.31779998540878296
46,3.213118553161621,70.52801513671875,71.19464111328125,0.9835000038146973,0.9836000204086304,0.016499996185302734,0.01639997959136963,0.2865000069141388,0.3215999901294708
47,3.212397575378418,60.13280487060547,66.97882843017578,0.9837999939918518,0.9837999939918518,0.016200006008148193,0.016200006008148193,0.2773999869823456,0.34630000591278076
48,3.2147715091705322,58.85009765625,66.33967590332031,0.984499990940094,0.9846000075340271,0.015500009059906006,0.0153999924659729,0.2806999981403351,0.33709999918937683
49,3.216822862625122,56.150081634521484,67.7509536743164,0.9847000241279602,0.9847999811172485,0.015299975872039795,0.015200018882751465,0.3109999895095825,0.36469998955726624
50,3.1969830989837646,57.74674606323242,67.23924255371094,0.9829999804496765,0.9829999804496765,0.017000019550323486,0.017000019550323486,0.32679998874664307,0.38040000200271606
51,3.2102625370025635,53.23411178588867,63.300209045410156,0.9843000173568726,0.9847000241279602,0.01569998264312744,0.015299975872039795,0.31470000743865967,0.3686999976634979
52,3.1834635734558105,65.92889404296875,67.47884368896484,0.9828000068664551,0.9828000068664551,0.017199993133544922,0.017199993133544922,0.335099995136261,0.3808000087738037
53,3.1827890872955322,59.129486083984375,65.52381896972656,0.9817000031471252,0.9825000166893005,0.018299996852874756,0.017499983310699463,0.2824000120162964,0.32249999046325684
54,3.2051689624786377,57.71140670776367,63.51506042480469,0.9836000204086304,0.9836999773979187,0.01639997959136963,0.0163000226020813,0.3073999881744385,0.35589998960494995
55,3.2081339359283447,52.43243408203125,63.543880462646484,0.9848999977111816,0.9840999841690063,0.01510000228881836,0.015900015830993652,0.32409998774528503,0.3718999922275543
56,3.1990880966186523,54.76820373535156,64.23194122314453,0.9840999841690063,0.984000027179718,0.015900015830993652,0.015999972820281982,0.30070000886917114,0.36320000886917114
57,3.2060322761535645,47.07383346557617,62.144866943359375,0.9847999811172485,0.9850000143051147,0.015200018882751465,0.014999985694885254,0.36340001225471497,0.43070000410079956
58,3.212644577026367,43.15610122680664,60.91291809082031,0.9857000112533569,0.9855999946594238,0.014299988746643066,0.014400005340576172,0.3774000108242035,0.4415999948978424
59,3.113478660583496,67.41453552246094,78.03954315185547,0.9747999906539917,0.9751999974250793,0.0252000093460083,0.024800002574920654,0.3100999891757965,0.3456000089645386
60,3.195852518081665,53.84333801269531,63.21173858642578,0.9850000143051147,0.984499990940094,0.014999985694885254,0.015500009059906006,0.32989999651908875,0.3765000104904175
61,3.2057571411132812,74.76591491699219,73.93122863769531,0.9840999841690063,0.9840999841690063,0.015900015830993652,0.015900015830993652,0.30000001192092896,0.3244999945163727
62,3.181021213531494,48.473045349121094,62.7153434753418,0.9825000166893005,0.982200026512146,0.017499983310699463,0.017799973487854004,0.3675999939441681,0.4320000112056732
63,3.1980106830596924,44.93102264404297,58.32379150390625,0.984499990940094,0.9847999811172485,0.015500009059906006,0.015200018882751465,0.4011000096797943,0.46459999680519104
64,3.201608180999756,72.2767562866211,70.33793640136719,0.9833999872207642,0.9835000038146973,0.01660001277923584,0.016499996185302734,0.361299991607666,0.38269999623298645
65,3.200625419616699,45.910797119140625,58.02290725708008,0.9842000007629395,0.9843999743461609,0.015799999237060547,0.015600025653839111,0.4090999960899353,0.4731000065803528
66,3.178691864013672,58.65925216674805,61.74723815917969,0.9811000227928162,0.9812999963760376,0.018899977207183838,0.018700003623962402,0.3174000084400177,0.35440000891685486
67,3.2075142860412598,43.33434295654297,58.224998474121094,0.9842000007629395,0.9846000075340271,0.015799999237060547,0.0153999924659729,0.38760000467300415,0.45899999141693115
68,3.2051148414611816,41.394554138183594,58.293670654296875,0.9835000038146973,0.9843000173568726,0.016499996185302734,0.01569998264312744,0.39239999651908875,0.46209999918937683
69,3.210608959197998,41.808780670166016,56.593971252441406,0.9843999743461609,0.9843000173568726,0.015600025653839111,0.01569998264312744,0.40540000796318054,0.47440001368522644
70,3.2078285217285156,35.41999053955078,55.28917694091797,0.9850999712944031,0.9846000075340271,0.014900028705596924,0.0153999924659729,0.42399999499320984,0.5164999961853027
71,3.212222099304199,41.18655776977539,55.28655242919922,0.9847999811172485,0.9851999878883362,0.015200018882751465,0.014800012111663818,0.42080000042915344,0.48260000348091125
72,3.209057569503784,35.521080017089844,55.333641052246094,0.9850999712944031,0.9846000075340271,0.014900028705596924,0.0153999924659729,0.3991999924182892,0.47269999980926514
73,3.1924591064453125,48.689205169677734,63.419525146484375,0.9829000234603882,0.983299970626831,0.017099976539611816,0.016700029373168945,0.36309999227523804,0.4375
74,3.2086775302886963,41.00432586669922,58.90740203857422,0.9843000173568726,0.9848999977111816,0.01569998264312744,0.01510000228881836,0.3612000048160553,0.4375999867916107
75,3.210763692855835,37.35917282104492,54.97127914428711,0.9847000241279602,0.9843000173568726,0.015299975872039795,0.01569998264312744,0.41200000047683716,0.4961000084877014
76,3.201200485229492,43.09967803955078,58.55527114868164,0.9846000075340271,0.9846000075340271,0.0153999924659729,0.0153999924659729,0.4050999879837036,0.47920000553131104
77,3.1910126209259033,41.93954086303711,58.19041442871094,0.9832000136375427,0.9837999939918518,0.016799986362457275,0.016200006008148193,0.3887999951839447,0.4699999988079071
78,3.2100536823272705,39.73930358886719,54.68887710571289,0.986299991607666,0.9864000082015991,0.013700008392333984,0.013599991798400879,0.421099990606308,0.49129998683929443
79,3.2157211303710938,36.559539794921875,55.731536865234375,0.9865000247955322,0.9865999817848206,0.013499975204467773,0.013400018215179443,0.43290001153945923,0.5056999921798706
80,3.2115261554718018,38.84614562988281,53.53369903564453,0.986299991607666,0.986299991607666,0.013700008392333984,0.013700008392333984,0.43160000443458557,0.5023999810218811
81,3.2088027000427246,33.80596923828125,52.87303161621094,0.98580002784729,0.98580002784729,0.014199972152709961,0.014199972152709961,0.42890000343322754,0.508899986743927
82,3.2054548263549805,42.24439239501953,55.614784240722656,0.9855999946594238,0.9854999780654907,0.014400005340576172,0.014500021934509277,0.359499990940094,0.4438000023365021
83,3.2177231311798096,41.87919235229492,54.740386962890625,0.9869999885559082,0.9872000217437744,0.013000011444091797,0.012799978256225586,0.40869998931884766,0.476500004529953
84,3.216573715209961,37.94304656982422,54.669029235839844,0.9872000217437744,0.987500011920929,0.012799978256225586,0.012499988079071045,0.4115999937057495,0.49399998784065247
85,3.202953577041626,34.33172607421875,53.78727340698242,0.9855999946594238,0.9850999712944031,0.014400005340576172,0.014900028705596924,0.4449000060558319,0.5311999917030334
86,3.211380958557129,33.95243453979492,52.93643569946289,0.986299991607666,0.9865999817848206,0.013700008392333984,0.013400018215179443,0.4302999973297119,0.5159000158309937
87,3.2032418251037598,46.89739990234375,58.9324951171875,0.9850999712944031,0.9854000210762024,0.014900028705596924,0.014599978923797607,0.4560999870300293,0.5019000172615051
88,3.1960010528564453,38.79859161376953,55.44384002685547,0.984499990940094,0.9846000075340271,0.015500009059906006,0.0153999924659729,0.4162999987602234,0.49939998984336853
89,3.1978611946105957,41.154850006103516,54.04304504394531,0.9858999848365784,0.9864000082015991,0.01410001516342163,0.013599991798400879,0.3375000059604645,0.41519999504089355
90,3.2161037921905518,34.96651077270508,52.486732482910156,0.9868999719619751,0.9866999983787537,0.013100028038024902,0.013300001621246338,0.4052000045776367,0.5013999938964844
91,3.2106664180755615,37.34111022949219,54.15974044799805,0.9876000285148621,0.987500011920929,0.01239997148513794,0.012499988079071045,0.44940000772476196,0.535099983215332
92,3.213758707046509,34.02903366088867,51.86890411376953,0.9879000186920166,0.9876000285148621,0.012099981307983398,0.01239997148513794,0.42820000648498535,0.5148000121116638
93,3.209800958633423,33.56133270263672,53.263404846191406,0.9865999817848206,0.9868000149726868,0.013400018215179443,0.013199985027313232,0.46959999203681946,0.5637000203132629
94,3.2130179405212402,32.52058029174805,50.39177703857422,0.9872999787330627,0.9868000149726868,0.012700021266937256,0.013199985027313232,0.45570001006126404,0.5425000190734863
95,3.1838128566741943,38.93388366699219,54.793209075927734,0.9850999712944031,0.9850999712944031,0.014900028705596924,0.014900028705596924,0.39329999685287476,0.48399999737739563
96,3.1869957447052,39.15857696533203,52.84465789794922,0.9846000075340271,0.9842000007629395,0.0153999924659729,0.015799999237060547,0.42800000309944153,0.5127000212669373
97,3.184051036834717,38.94161605834961,51.98731994628906,0.9840999841690063,0.9843000173568726,0.015900015830993652,0.01569998264312744,0.4074000120162964,0.492900013923645
98,3.188890218734741,35.71894073486328,52.091121673583984,0.9843000173568726,0.9846000075340271,0.01569998264312744,0.0153999924659729,0.44620001316070557,0.5386000275611877
99,3.188425064086914,38.32682800292969,51.92589569091797,0.984499990940094,0.984499990940094,0.015500009059906006,0.015500009059906006,0.4251999855041504,0.5073000192642212
100,3.1982779502868652,33.63450241088867,49.8428955078125,0.9861999750137329,0.9861000180244446,0.01380002498626709,0.01389998197555542,0.4657999873161316,0.5659999847412109
101,3.2125096321105957,37.41888427734375,55.325252532958984,0.9868000149726868,0.9868999719619751,0.013199985027313232,0.013100028038024902,0.4724999964237213,0.5573999881744385
102,3.177921772003174,35.37465286254883,51.392417907714844,0.9847999811172485,0.9842000007629395,0.015200018882751465,0.015799999237060547,0.46299999952316284,0.552299976348877
103,3.1910743713378906,36.88262939453125,51.48200988769531,0.9847000241279602,0.9843999743461609,0.015299975872039795,0.015600025653839111,0.43320000171661377,0.5157999992370605
104,3.1862642765045166,37.49935531616211,50.70240783691406,0.9842000007629395,0.9843000173568726,0.015799999237060547,0.01569998264312744,0.436599999666214,0.531499981880188
105,3.1986465454101562,31.590049743652344,48.889923095703125,0.9858999848365784,0.9857000112533569,0.01410001516342163,0.014299988746643066,0.4797999858856201,0.5827000141143799
106,3.1960315704345703,39.98454666137695,52.92991638183594,0.9853000044822693,0.9854999780654907,0.014699995517730713,0.014500021934509277,0.46380001306533813,0.5281000137329102
107,3.1951687335968018,30.827682495117188,48.32802200317383,0.9854999780654907,0.9858999848365784,0.014500021934509277,0.01410001516342163,0.4867999851703644,0.5914000272750854
108,3.2015328407287598,31.76820182800293,49.06568145751953,0.9848999977111816,0.9854000210762024,0.01510000228881836,0.014599978923797607,0.489300012588501,0.5771999955177307
109,3.183866262435913,32.866477966308594,48.705970764160156,0.9842000007629395,0.9850000143051147,0.015799999237060547,0.014999985694885254,0.4878000020980835,0.5810999870300293
110,3.2020890712738037,34.5497932434082,48.84434509277344,0.9851999878883362,0.9853000044822693,0.014800012111663818,0.014699995517730713,0.41040000319480896,0.5101000070571899
111,3.199042797088623,31.73774528503418,48.29194259643555,0.986299991607666,0.986299991607666,0.013700008392333984,0.013700008392333984,0.45730000734329224,0.5619999766349792
112,3.2056589126586914,30.09030532836914,47.43439483642578,0.9861000180244446,0.986299991607666,0.01389998197555542,0.013700008392333984,0.4684999883174896,0.5799999833106995
113,3.207932472229004,30.42999267578125,47.124881744384766,0.9855999946594238,0.9858999848365784,0.014400005340576172,0.01410001516342163,0.4611000120639801,0.5631999969482422
114,3.194437265396118,31.225555419921875,48.25004196166992,0.9850000143051147,0.9855999946594238,0.014999985694885254,0.014400005340576172,0.45570001006126404,0.5583999752998352
115,3.201209545135498,29.97525405883789,47.46034622192383,0.986299991607666,0.986299991607666,0.013700008392333984,0.013700008392333984,0.46799999475479126,0.5771999955177307
116,3.186427593231201,34.9079704284668,52.6381721496582,0.9848999977111816,0.9853000044822693,0.01510000228881836,0.014699995517730713,0.48420000076293945,0.5927000045776367
117,3.1925268173217773,32.014381408691406,49.777286529541016,0.98580002784729,0.9860000014305115,0.014199972152709961,0.013999998569488525,0.4747999906539917,0.5813999772071838
118,3.195754289627075,28.24896812438965,46.39983367919922,0.9855999946594238,0.98580002784729,0.014400005340576172,0.014199972152709961,0.48100000619888306,0.5995000004768372
119,3.1988213062286377,28.32097625732422,46.296566009521484,0.9858999848365784,0.98580002784729,0.01410001516342163,0.014199972152709961,0.49309998750686646,0.6031000018119812
120,3.204871654510498,28.507946014404297,46.73780059814453,0.9866999983787537,0.9869999885559082,0.013300001621246338,0.013000011444091797,0.4957999885082245,0.597000002861023
121,3.202878713607788,31.228313446044922,47.37824630737305,0.9869999885559082,0.9868000149726868,0.013000011444091797,0.013199985027313232,0.47130000591278076,0.5781999826431274
122,3.1996428966522217,29.77798843383789,46.985748291015625,0.9858999848365784,0.9861999750137329,0.01410001516342163,0.01380002498626709,0.47380000352859497,0.582099974155426
123,3.1999106407165527,30.998130798339844,47.10667419433594,0.9865000247955322,0.9866999983787537,0.013499975204467773,0.013300001621246338,0.47850000858306885,0.5824000239372253
124,3.1974408626556396,28.694272994995117,46.21820831298828,0.986299991607666,0.9865000247955322,0.013700008392333984,0.013499975204467773,0.4830000102519989,0.5954999923706055
125,3.2025485038757324,27.79644203186035,46.23588562011719,0.9858999848365784,0.9866999983787537,0.01410001516342163,0.013300001621246338,0.4765999913215637,0.5957000255584717
126,3.200248956680298,30.66311264038086,46.01941680908203,0.9871000051498413,0.9869999885559082,0.012899994850158691,0.013000011444091797,0.4738999903202057,0.5752000212669373
127,3.1994450092315674,28.607715606689453,45.5589599609375,0.9864000082015991,0.9865999817848206,0.013599991798400879,0.013400018215179443,0.4700999855995178,0.578000009059906
128,3.2004146575927734,27.535417556762695,45.999839782714844,0.9861000180244446,0.9865000247955322,0.01389998197555542,0.013499975204467773,0.4796000123023987,0.5942999720573425
129,3.198641300201416,32.132179260253906,45.87114715576172,0.9865999817848206,0.9869999885559082,0.013400018215179443,0.013000011444091797,0.4837999939918518,0.5702000260353088
130,3.2097270488739014,27.659639358520508,45.25536346435547,0.9879999756813049,0.9878000020980835,0.012000024318695068,0.012199997901916504,0.4957999885082245,0.6039999723434448
131,3.1945719718933105,33.045860290527344,46.13831329345703,0.9871000051498413,0.9871000051498413,0.012899994850158691,0.012899994850158691,0.4945000112056732,0.5825999975204468
132,3.1959848403930664,32.85926818847656,45.45286560058594,0.9865000247955322,0.9871000051498413,0.013499975204467773,0.012899994850158691,0.4717999994754791,0.5591999888420105
133,3.1862692832946777,29.144641876220703,45.15166473388672,0.9855999946594238,0.9858999848365784,0.014400005340576172,0.01410001516342163,0.5012999773025513,0.6067000031471252
134,3.191164970397949,28.066865921020508,44.22766876220703,0.986299991607666,0.9865000247955322,0.013700008392333984,0.013499975204467773,0.49070000648498535,0.5993000268936157
135,3.1935341358184814,28.991924285888672,44.65727615356445,0.9858999848365784,0.9851999878883362,0.01410001516342163,0.014800012111663818,0.4869000017642975,0.5928999781608582
136,3.1896748542785645,28.302671432495117,44.31098175048828,0.9860000014305115,0.98580002784729,0.013999998569488525,0.014199972152709961,0.5016999840736389,0.6036999821662903
137,3.179138660430908,29.996597290039062,46.64673614501953,0.9846000075340271,0.9848999977111816,0.0153999924659729,0.01510000228881836,0.46860000491142273,0.5598999857902527
138,3.1948392391204834,29.20623779296875,44.81629943847656,0.9871000051498413,0.9865000247955322,0.012899994850158691,0.013499975204467773,0.47760000824928284,0.5852000117301941
139,3.197291135787964,28.306745529174805,44.693721771240234,0.9865999817848206,0.9866999983787537,0.013400018215179443,0.013300001621246338,0.4832000136375427,0.5942000150680542
140,3.1998114585876465,28.3011417388916,44.467769622802734,0.9861999750137329,0.9868000149726868,0.01380002498626709,0.013199985027313232,0.486299991607666,0.5954999923706055
141,3.19732403755188,27.786855697631836,44.27399444580078,0.9864000082015991,0.9861999750137329,0.013599991798400879,0.01380002498626709,0.4805999994277954,0.5932000279426575
142,3.1988046169281006,26.68848419189453,43.34888458251953,0.9873999953269958,0.987500011920929,0.01260000467300415,0.012499988079071045,0.4921000003814697,0.6014000177383423
143,3.189649820327759,32.850914001464844,46.72542190551758,0.9861000180244446,0.9860000014305115,0.01389998197555542,0.013999998569488525,0.49050000309944153,0.5871000289916992
144,3.19779896736145,26.935287475585938,43.554443359375,0.9861999750137329,0.9858999848365784,0.01380002498626709,0.01410001516342163,0.503600001335144,0.6219000220298767
145,3.1999433040618896,27.357736587524414,43.76665496826172,0.9861000180244446,0.9858999848365784,0.01389998197555542,0.01410001516342163,0.5101000070571899,0.6243000030517578
146,3.199568033218384,27.56719970703125,44.261146545410156,0.986299991607666,0.9865000247955322,0.013700008392333984,0.013499975204467773,0.5121999979019165,0.6207000017166138
147,3.1963860988616943,26.28856658935547,42.8449592590332,0.9857000112533569,0.9860000014305115,0.014299988746643066,0.013999998569488525,0.5092999935150146,0.626800000667572
148,3.1987545490264893,29.032611846923828,43.83434295654297,0.9864000082015991,0.9865000247955322,0.013599991798400879,0.013499975204467773,0.49399998784065247,0.599399983882904
149,3.2007339000701904,29.402149200439453,44.11110305786133,0.9866999983787537,0.9868999719619751,0.013300001621246338,0.013100028038024902,0.4912000000476837,0.5895000100135803
150,3.1878082752227783,29.13597869873047,43.53522491455078,0.9861999750137329,0.986299991607666,0.01380002498626709,0.013700008392333984,0.48660001158714294,0.5975000262260437
151,3.2039921283721924,27.764745712280273,42.915771484375,0.9865999817848206,0.9876000285148621,0.013400018215179443,0.01239997148513794,0.49540001153945923,0.6047999858856201
152,3.204368829727173,27.718469619750977,42.97358703613281,0.9872999787330627,0.9866999983787537,0.012700021266937256,0.013300001621246338,0.49630001187324524,0.6075999736785889
153,3.20523738861084,26.552597045898438,42.60209655761719,0.9861000180244446,0.9866999983787537,0.01389998197555542,0.013300001621246338,0.48910000920295715,0.6097999811172485
154,3.2056686878204346,26.570520401000977,43.22117614746094,0.9855999946594238,0.986299991607666,0.014400005340576172,0.013700008392333984,0.4916999936103821,0.6021999716758728
155,3.202082872390747,27.475435256958008,43.29557800292969,0.9866999983787537,0.9865000247955322,0.013300001621246338,0.013499975204467773,0.503600001335144,0.6003000140190125
156,3.1945910453796387,29.776790618896484,44.01176834106445,0.9864000082015991,0.9858999848365784,0.013599991798400879,0.01410001516342163,0.5005999803543091,0.5830000042915344
157,3.199282646179199,28.51285171508789,42.94214630126953,0.986299991607666,0.9861000180244446,0.013700008392333984,0.01389998197555542,0.4900999963283539,0.5917999744415283
158,3.1915104389190674,26.518491744995117,42.96660614013672,0.9858999848365784,0.986299991607666,0.01410001516342163,0.013700008392333984,0.5130000114440918,0.609000027179718
159,3.2027370929718018,26.86688995361328,43.186439514160156,0.9868000149726868,0.9861999750137329,0.013199985027313232,0.01380002498626709,0.48890000581741333,0.6015999913215637
160,3.203291416168213,27.575931549072266,43.030662536621094,0.9861000180244446,0.9865999817848206,0.01389998197555542,0.013400018215179443,0.5228000283241272,0.6180999875068665
161,3.1987156867980957,26.13585090637207,42.212249755859375,0.9861000180244446,0.9860000014305115,0.01389998197555542,0.013999998569488525,0.5097000002861023,0.6122000217437744
162,3.194753408432007,31.681934356689453,45.48828887939453,0.9857000112533569,0.9855999946594238,0.014299988746643066,0.014400005340576172,0.5246999859809875,0.5924000144004822
163,3.198415994644165,25.708576202392578,41.503238677978516,0.9854000210762024,0.98580002784729,0.014599978923797607,0.014199972152709961,0.5052000284194946,0.6111999750137329
164,3.1971354484558105,26.37933921813965,41.760894775390625,0.9854999780654907,0.9854999780654907,0.014500021934509277,0.014500021934509277,0.5260000228881836,0.6327999830245972
165,3.195962905883789,29.97296142578125,44.14980697631836,0.986299991607666,0.9860000014305115,0.013700008392333984,0.013999998569488525,0.54339998960495,0.6159999966621399
166,3.1996514797210693,27.664785385131836,42.9948616027832,0.9866999983787537,0.9868000149726868,0.013300001621246338,0.013199985027313232,0.4943000078201294,0.5986999869346619
167,3.2061142921447754,25.65801239013672,42.03062057495117,0.9866999983787537,0.9861000180244446,0.013300001621246338,0.01389998197555542,0.5216000080108643,0.6223999857902527
168,3.1869149208068848,25.122892379760742,41.33540725708008,0.9855999946594238,0.9850999712944031,0.014400005340576172,0.014900028705596924,0.5248000025749207,0.6383000016212463
169,3.195513963699341,28.722381591796875,42.03983688354492,0.9861999750137329,0.986299991607666,0.01380002498626709,0.013700008392333984,0.5042999982833862,0.5961999893188477
170,3.202308416366577,26.872486114501953,42.81837463378906,0.9864000082015991,0.9872000217437744,0.013599991798400879,0.012799978256225586,0.516700029373169,0.6182000041007996
171,3.1827800273895264,32.272274017333984,45.2713508605957,0.9868000149726868,0.9866999983787537,0.013199985027313232,0.013300001621246338,0.5149999856948853,0.6115000247955322
172,3.1949899196624756,26.110794067382812,42.11949157714844,0.9868999719619751,0.9861999750137329,0.013100028038024902,0.01380002498626709,0.5080000162124634,0.6277999877929688
173,3.206001043319702,25.618867874145508,41.49236297607422,0.9876000285148621,0.9873999953269958,0.01239997148513794,0.01260000467300415,0.5131000280380249,0.6284999847412109
174,3.200802803039551,25.802997589111328,41.38253402709961,0.9864000082015991,0.9869999885559082,0.013599991798400879,0.013000011444091797,0.5188000202178955,0.6255999803543091
175,3.2078089714050293,26.96731948852539,41.64299011230469,0.988099992275238,0.9872999787330627,0.011900007724761963,0.012700021266937256,0.5020999908447266,0.6103000044822693
176,3.21030855178833,26.178829193115234,41.24297332763672,0.9858999848365784,0.9865999817848206,0.01410001516342163,0.013400018215179443,0.5067999958992004,0.6114000082015991
177,3.201115369796753,25.524173736572266,41.23876953125,0.9868999719619751,0.9864000082015991,0.013100028038024902,0.013599991798400879,0.5171999931335449,0.6226999759674072
178,3.2018487453460693,27.032127380371094,41.6943244934082,0.9868000149726868,0.9864000082015991,0.013199985027313232,0.013599991798400879,0.5198000073432922,0.614300012588501
179,3.199655771255493,25.13741111755371,40.950706481933594,0.986299991607666,0.9868999719619751,0.013700008392333984,0.013100028038024902,0.5174000263214111,0.6280999779701233
180,3.205409288406372,24.923973083496094,40.955482482910156,0.9861999750137329,0.9865000247955322,0.01380002498626709,0.013499975204467773,0.5152999758720398,0.6345000267028809
181,3.196012020111084,26.47060203552246,41.26296615600586,0.9868000149726868,0.9871000051498413,0.013199985027313232,0.012899994850158691,0.5073000192642212,0.6229000091552734
182,3.195568084716797,25.5190486907959,40.65683364868164,0.9865000247955322,0.986299991607666,0.013499975204467773,0.013700008392333984,0.49779999256134033,0.6198999881744385
183,3.1906440258026123,25.393308639526367,40.39106750488281,0.9855999946594238,0.9857000112533569,0.014400005340576172,0.014299988746643066,0.5001999735832214,0.6202999949455261
184,3.1941726207733154,27.983932495117188,42.08965301513672,0.9861000180244446,0.9861000180244446,0.01389998197555542,0.01389998197555542,0.5163999795913696,0.612500011920929
185,3.199709415435791,26.75105094909668,41.01463317871094,0.9866999983787537,0.9868000149726868,0.013300001621246338,0.013199985027313232,0.4991999864578247,0.602400004863739
186,3.198791027069092,25.919708251953125,40.989662170410156,0.986299991607666,0.9869999885559082,0.013700008392333984,0.013000011444091797,0.5109999775886536,0.6144999861717224
187,3.196671962738037,25.184799194335938,40.39571762084961,0.9871000051498413,0.9868000149726868,0.012899994850158691,0.013199985027313232,0.5037999749183655,0.6190000176429749
188,3.1955206394195557,25.435266494750977,40.84246826171875,0.9858999848365784,0.98580002784729,0.01410001516342163,0.014199972152709961,0.5001999735832214,0.621399998664856
189,3.204955577850342,26.265003204345703,41.09942626953125,0.986299991607666,0.9860000014305115,0.013700008392333984,0.013999998569488525,0.5091999769210815,0.6126999855041504
190,3.195634365081787,29.803974151611328,42.22212600708008,0.9864000082015991,0.986299991607666,0.013599991798400879,0.013700008392333984,0.49939998984336853,0.588699996471405
191,3.192598342895508,24.83032989501953,39.986724853515625,0.9865999817848206,0.9868999719619751,0.013400018215179443,0.013100028038024902,0.5016999840736389,0.6251999735832214
192,3.199599504470825,24.95972442626953,39.93674087524414,0.986299991607666,0.9860000014305115,0.013700008392333984,0.013999998569488525,0.5041999816894531,0.6223999857902527
193,3.1969094276428223,24.747013092041016,40.30640411376953,0.9860000014305115,0.9864000082015991,0.013999998569488525,0.013599991798400879,0.5070000290870667,0.6182000041007996
194,3.2012863159179688,24.946138381958008,40.274925231933594,0.9866999983787537,0.9869999885559082,0.013300001621246338,0.013000011444091797,0.4986000061035156,0.6154999732971191
195,3.196495532989502,26.053756713867188,40.837303161621094,0.9854000210762024,0.9858999848365784,0.014599978923797607,0.01410001516342163,0.5174000263214111,0.6195999979972839
196,3.20342755317688,24.93259048461914,40.003662109375,0.9858999848365784,0.9864000082015991,0.01410001516342163,0.013599991798400879,0.4997999966144562,0.6176999807357788
197,3.193847179412842,25.905742645263672,40.61656188964844,0.98580002784729,0.9855999946594238,0.014199972152709961,0.014400005340576172,0.49639999866485596,0.6079000234603882
198,3.197582721710205,24.792985916137695,39.888816833496094,0.9861000180244446,0.9855999946594238,0.01389998197555542,0.014400005340576172,0.5087000131607056,0.6194000244140625
199,3.1980955600738525,24.684555053710938,39.845664978027344,0.9865999817848206,0.9873999953269958,0.013400018215179443,0.01260000467300415,0.5055999755859375,0.6248999834060669
200,3.1898508071899414,24.647863388061523,40.01079559326172,0.9860000014305115,0.9868999719619751,0.013999998569488525,0.013100028038024902,0.5016999840736389,0.6251000165939331
201,3.1963789463043213,25.570215225219727,40.29418182373047,0.9858999848365784,0.9866999983787537,0.01410001516342163,0.013300001621246338,0.4986000061035156,0.6140000224113464
202,3.1948182582855225,24.98183822631836,40.03473663330078,0.9866999983787537,0.9876999855041504,0.013300001621246338,0.01230001449584961,0.5092999935150146,0.6302000284194946
203,3.1954047679901123,24.501079559326172,39.86027145385742,0.98580002784729,0.98580002784729,0.014199972152709961,0.014199972152709961,0.505299985408783,0.6200000047683716
204,3.2021937370300293,24.92286491394043,40.071937561035156,0.9865000247955322,0.9869999885559082,0.013499975204467773,0.013000011444091797,0.5145000219345093,0.629800021648407
205,3.2022287845611572,24.45448875427246,39.54031753540039,0.9866999983787537,0.9873999953269958,0.013300001621246338,0.01260000467300415,0.5112000107765198,0.6319000124931335
206,3.19236421585083,24.276525497436523,39.440406799316406,0.9858999848365784,0.9861000180244446,0.01410001516342163,0.01389998197555542,0.5242000222206116,0.6413000226020813
207,3.196816921234131,25.618671417236328,39.973724365234375,0.9866999983787537,0.9866999983787537,0.013300001621246338,0.013300001621246338,0.5051000118255615,0.6144000291824341
208,3.1919877529144287,24.21343231201172,39.68032455444336,0.9854000210762024,0.9858999848365784,0.014599978923797607,0.01410001516342163,0.5055999755859375,0.6261000037193298
209,3.2032363414764404,24.64556312561035,39.83882522583008,0.986299991607666,0.9865999817848206,0.013700008392333984,0.013400018215179443,0.49619999527931213,0.6171000003814697
210,3.194230794906616,24.066532135009766,39.631134033203125,0.986299991607666,0.9871000051498413,0.013700008392333984,0.012899994850158691,0.4973999857902527,0.621399998664856
211,3.1974568367004395,24.653093338012695,39.802040100097656,0.9866999983787537,0.9864000082015991,0.013300001621246338,0.013599991798400879,0.4927000105381012,0.6110000014305115
212,3.2014927864074707,27.007997512817383,41.26101303100586,0.9876999855041504,0.9872999787330627,0.01230001449584961,0.012700021266937256,0.5019999742507935,0.6013000011444092
213,3.1965858936309814,25.214794158935547,39.86708068847656,0.9865000247955322,0.9866999983787537,0.013499975204467773,0.013300001621246338,0.5001000165939331,0.613099992275238
214,3.195319175720215,24.053348541259766,39.338966369628906,0.9866999983787537,0.986299991607666,0.013300001621246338,0.013700008392333984,0.5016000270843506,0.6261000037193298
215,3.1912989616394043,25.104467391967773,39.97064208984375,0.9866999983787537,0.9865000247955322,0.013300001621246338,0.013499975204467773,0.5087000131607056,0.6171000003814697
216,3.194068431854248,24.139516830444336,39.52606201171875,0.9865999817848206,0.9865000247955322,0.013400018215179443,0.013499975204467773,0.5019000172615051,0.6248000264167786
217,3.191277027130127,24.333284378051758,39.331153869628906,0.98580002784729,0.986299991607666,0.014199972152709961,0.013700008392333984,0.5011000037193298,0.6243000030517578
218,3.206031560897827,25.32499122619629,39.655975341796875,0.9865999817848206,0.9868999719619751,0.013400018215179443,0.013100028038024902,0.5117999911308289,0.6272000074386597
219,3.197650909423828,29.24015235900879,41.66872787475586,0.9864000082015991,0.9869999885559082,0.013599991798400879,0.013000011444091797,0.5253999829292297,0.6169000267982483
220,3.1982412338256836,25.96780014038086,39.953102111816406,0.9860000014305115,0.9861000180244446,0.013999998569488525,0.01389998197555542,0.5127000212669373,0.6205000281333923
221,3.199201822280884,24.68684959411621,39.66487121582031,0.9866999983787537,0.9868999719619751,0.013300001621246338,0.013100028038024902,0.5101000070571899,0.6233999729156494
222,3.19811749458313,24.081621170043945,39.22852325439453,0.9866999983787537,0.9865000247955322,0.013300001621246338,0.013499975204467773,0.49320000410079956,0.6243000030517578
223,3.1930625438690186,25.258623123168945,39.5692138671875,0.9858999848365784,0.9860000014305115,0.01410001516342163,0.013999998569488525,0.5151000022888184,0.6273999810218811
224,3.1987829208374023,23.613996505737305,39.077423095703125,0.9865999817848206,0.9868999719619751,0.013400018215179443,0.013100028038024902,0.5037999749183655,0.6273999810218811
225,3.2007265090942383,23.91646957397461,39.01651382446289,0.9872999787330627,0.9872999787330627,0.012700021266937256,0.012700021266937256,0.5098000168800354,0.6301000118255615
226,3.1853103637695312,23.772323608398438,38.952484130859375,0.9857000112533569,0.9854999780654907,0.014299988746643066,0.014500021934509277,0.501800000667572,0.6272000074386597
227,3.2014501094818115,25.488567352294922,39.6729736328125,0.9871000051498413,0.9873999953269958,0.012899994850158691,0.01260000467300415,0.5094000101089478,0.618399977684021
228,3.2004518508911133,24.811840057373047,39.54153823852539,0.9866999983787537,0.9868000149726868,0.013300001621246338,0.013199985027313232,0.4950999915599823,0.6251999735832214
229,3.185894727706909,23.890748977661133,38.79866409301758,0.9861000180244446,0.9861999750137329,0.01389998197555542,0.01380002498626709,0.5047000050544739,0.6309000253677368
230,3.200535297393799,24.158647537231445,38.93706512451172,0.986299991607666,0.9865000247955322,0.013700008392333984,0.013499975204467773,0.5067999958992004,0.6316999793052673
231,3.194668769836426,24.28221321105957,39.08390808105469,0.9857000112533569,0.9861999750137329,0.014299988746643066,0.01380002498626709,0.508400022983551,0.6255999803543091
232,3.1887636184692383,24.12680435180664,38.88055419921875,0.9858999848365784,0.9865000247955322,0.01410001516342163,0.013499975204467773,0.4966999888420105,0.616599977016449
233,3.2036967277526855,26.105266571044922,40.15387725830078,0.9866999983787537,0.9861999750137329,0.013300001621246338,0.01380002498626709,0.5048999786376953,0.609499990940094
234,3.1994049549102783,25.52431297302246,39.649024963378906,0.9864000082015991,0.986299991607666,0.013599991798400879,0.013700008392333984,0.5049999952316284,0.6122000217437744
235,3.201061964035034,24.15372657775879,38.952701568603516,0.986299991607666,0.986299991607666,0.013700008392333984,0.013700008392333984,0.5101000070571899,0.6258000135421753
236,3.202098846435547,24.67792320251465,39.202606201171875,0.9868000149726868,0.9873999953269958,0.013199985027313232,0.01260000467300415,0.5041999816894531,0.6158999800682068
237,3.2016661167144775,24.18583869934082,38.864784240722656,0.9868000149726868,0.9869999885559082,0.013199985027313232,0.013000011444091797,0.5023999810218811,0.6227999925613403
238,3.1984541416168213,24.186668395996094,38.940181732177734,0.9858999848365784,0.9861000180244446,0.01410001516342163,0.01389998197555542,0.49380001425743103,0.6173999905586243
239,3.1914830207824707,24.76205825805664,39.540348052978516,0.9857000112533569,0.9854999780654907,0.014299988746643066,0.014500021934509277,0.5072000026702881,0.6222000122070312
240,3.1958274841308594,24.519031524658203,38.74431610107422,0.9861000180244446,0.9868000149726868,0.01389998197555542,0.013199985027313232,0.5041000247001648,0.6212999820709229
241,3.1996257305145264,24.388076782226562,38.9747200012207,0.9864000082015991,0.9864000082015991,0.013599991798400879,0.013599991798400879,0.5090000033378601,0.6283000111579895
242,3.202674388885498,24.003808975219727,38.778724670410156,0.9865000247955322,0.986299991607666,0.013499975204467773,0.013700008392333984,0.5062999725341797,0.6291000247001648
243,3.1995620727539062,24.426334381103516,39.1245231628418,0.9871000051498413,0.9869999885559082,0.012899994850158691,0.013000011444091797,0.5023000240325928,0.6194000244140625
244,3.197161912918091,24.580459594726562,39.03153610229492,0.9871000051498413,0.9872000217437744,0.012899994850158691,0.012799978256225586,0.5105999708175659,0.6240000128746033
245,3.1976242065429688,23.804927825927734,38.629066467285156,0.9864000082015991,0.9865000247955322,0.013599991798400879,0.013499975204467773,0.5001000165939331,0.6197999715805054
246,3.190437078475952,24.008033752441406,38.870784759521484,0.9861999750137329,0.9858999848365784,0.01380002498626709,0.01410001516342163,0.4961000084877014,0.623199999332428
247,3.203681468963623,23.84836769104004,38.84059524536133,0.9868000149726868,0.9866999983787537,0.013199985027313232,0.013300001621246338,0.49320000410079956,0.6195999979972839
248,3.2020578384399414,24.657756805419922,39.16044616699219,0.9868000149726868,0.9872999787330627,0.013199985027313232,0.012700021266937256,0.5044999718666077,0.6226999759674072
249,3.1943869590759277,24.651222229003906,38.82139205932617,0.9864000082015991,0.9866999983787537,0.013599991798400879,0.013300001621246338,0.49810001254081726,0.6129999756813049
250,3.1972224712371826,23.58163833618164,38.578189849853516,0.986299991607666,0.9866999983787537,0.013700008392333984,0.013300001621246338,0.5105999708175659,0.6309999823570251
251,3.1941146850585938,24.072866439819336,38.704437255859375,0.9861000180244446,0.9864000082015991,0.01389998197555542,0.013599991798400879,0.5004000067710876,0.6274999976158142
252,3.192469596862793,25.55999183654785,39.448974609375,0.9864000082015991,0.9865000247955322,0.013599991798400879,0.013499975204467773,0.5220000147819519,0.6322000026702881
253,3.1972591876983643,24.338462829589844,38.66844940185547,0.9861000180244446,0.9866999983787537,0.01389998197555542,0.013300001621246338,0.5095999836921692,0.6243000030517578
254,3.192307710647583,24.156349182128906,38.863121032714844,0.9861000180244446,0.9869999885559082,0.01389998197555542,0.013000011444091797,0.5051000118255615,0.623199999332428
255,3.197279930114746,25.01073455810547,39.26844787597656,0.9861999750137329,0.9868999719619751,0.01380002498626709,0.013100028038024902,0.5016999840736389,0.6152999997138977
256,3.200140953063965,23.973691940307617,38.943477630615234,0.9860000014305115,0.9865000247955322,0.013999998569488525,0.013499975204467773,0.5019000172615051,0.6263999938964844
257,3.201894521713257,24.219539642333984,38.7820930480957,0.9872999787330627,0.9878000020980835,0.012700021266937256,0.012199997901916504,0.49619999527931213,0.6197999715805054
258,3.1975159645080566,23.967872619628906,38.790470123291016,0.9861000180244446,0.986299991607666,0.01389998197555542,0.013700008392333984,0.5008999705314636,0.6297000050544739
259,3.1930880546569824,23.718610763549805,38.31755828857422,0.9864000082015991,0.986299991607666,0.013599991798400879,0.013700008392333984,0.4925000071525574,0.6251000165939331
260,3.195261001586914,23.76288604736328,38.342864990234375,0.98580002784729,0.9860000014305115,0.014199972152709961,0.013999998569488525,0.5073999762535095,0.6360999941825867
261,3.2044334411621094,23.602550506591797,38.30830383300781,0.9860000014305115,0.98580002784729,0.013999998569488525,0.014199972152709961,0.49619999527931213,0.6234999895095825
262,3.2065200805664062,24.0897216796875,38.6801872253418,0.9869999885559082,0.9866999983787537,0.013000011444091797,0.013300001621246338,0.5022000074386597,0.6274999976158142
263,3.1964166164398193,24.645275115966797,38.720455169677734,0.9861000180244446,0.986299991607666,0.01389998197555542,0.013700008392333984,0.4952000081539154,0.6198999881744385
264,3.1936752796173096,24.066743850708008,38.79438781738281,0.9864000082015991,0.9868999719619751,0.013599991798400879,0.013100028038024902,0.4959999918937683,0.6287000179290771
265,3.1937320232391357,24.548870086669922,38.65751647949219,0.9869999885559082,0.9868999719619751,0.013000011444091797,0.013100028038024902,0.5001999735832214,0.6216999888420105
266,3.1957623958587646,23.838104248046875,38.69169616699219,0.9865000247955322,0.9861999750137329,0.013499975204467773,0.01380002498626709,0.5012999773025513,0.6226999759674072
267,3.1998376846313477,24.4680118560791,38.73241424560547,0.9868999719619751,0.9868999719619751,0.013100028038024902,0.013100028038024902,0.503600001335144,0.623199999332428
268,3.2005271911621094,24.344064712524414,38.78009033203125,0.9866999983787537,0.9866999983787537,0.013300001621246338,0.013300001621246338,0.5105000138282776,0.6254000067710876
269,3.2053446769714355,23.584148406982422,38.28679656982422,0.9869999885559082,0.987500011920929,0.013000011444091797,0.012499988079071045,0.49889999628067017,0.621399998664856
270,3.1990244388580322,23.863433837890625,38.25232696533203,0.9872999787330627,0.9872999787330627,0.012700021266937256,0.012700021266937256,0.5030999779701233,0.6291000247001648
271,3.1958425045013428,24.66983413696289,38.68204116821289,0.9865000247955322,0.9866999983787537,0.013499975204467773,0.013300001621246338,0.5072000026702881,0.6266999840736389
272,3.1961288452148438,26.613739013671875,40.26913833618164,0.9861000180244446,0.9868999719619751,0.01389998197555542,0.013100028038024902,0.5169000029563904,0.6137999892234802
273,3.194436550140381,23.939022064208984,38.38286590576172,0.9866999983787537,0.9860000014305115,0.013300001621246338,0.013999998569488525,0.498199999332428,0.6216999888420105
274,3.2001986503601074,23.8751277923584,38.5819091796875,0.9865999817848206,0.9869999885559082,0.013400018215179443,0.013000011444091797,0.5019000172615051,0.6219000220298767
275,3.201967477798462,23.49873161315918,38.38487243652344,0.9869999885559082,0.9865000247955322,0.013000011444091797,0.013499975204467773,0.4970000088214874,0.6290000081062317
276,3.196993350982666,23.645654678344727,38.39426040649414,0.9866999983787537,0.9865999817848206,0.013300001621246338,0.013400018215179443,0.4966999888420105,0.6194999814033508
277,3.194999933242798,24.195026397705078,38.69927215576172,0.9865000247955322,0.9872999787330627,0.013499975204467773,0.012700021266937256,0.5020999908447266,0.6226000189781189
278,3.1981611251831055,23.71169662475586,38.19148254394531,0.9872000217437744,0.9871000051498413,0.012799978256225586,0.012899994850158691,0.5054000020027161,0.6223999857902527
279,3.2033259868621826,23.889463424682617,38.41968536376953,0.9868999719619751,0.9868000149726868,0.013100028038024902,0.013199985027313232,0.5033000111579895,0.6237999796867371
280,3.204031467437744,23.33422088623047,38.20794677734375,0.9868999719619751,0.9868999719619751,0.013100028038024902,0.013100028038024902,0.4961000084877014,0.6273999810218811
281,3.1965172290802,23.509475708007812,38.2904052734375,0.9868999719619751,0.9868999719619751,0.013100028038024902,0.013100028038024902,0.5077999830245972,0.625
282,3.1991219520568848,23.361038208007812,38.24296569824219,0.9876000285148621,0.9876999855041504,0.01239997148513794,0.01230001449584961,0.4934000074863434,0.6251999735832214
283,3.19831919670105,23.54357147216797,38.33009338378906,0.9876000285148621,0.9869999885559082,0.01239997148513794,0.013000011444091797,0.4918000102043152,0.6241999864578247
284,3.1970014572143555,23.276357650756836,38.207855224609375,0.9861000180244446,0.9857000112533569,0.01389998197555542,0.014299988746643066,0.4934000074863434,0.6189000010490417
285,3.195733070373535,23.697906494140625,38.51228332519531,0.9869999885559082,0.9873999953269958,0.013000011444091797,0.01260000467300415,0.49160000681877136,0.6154000163078308
286,3.2027747631073,23.42119026184082,38.109588623046875,0.9866999983787537,0.987500011920929,0.013300001621246338,0.012499988079071045,0.4948999881744385,0.6189000010490417
287,3.196929693222046,24.05187225341797,38.430763244628906,0.9868000149726868,0.9868999719619751,0.013199985027313232,0.013100028038024902,0.5034999847412109,0.6223999857902527
288,3.2092182636260986,24.23543357849121,38.546897888183594,0.9871000051498413,0.9872999787330627,0.012899994850158691,0.012700021266937256,0.5049999952316284,0.6236000061035156
289,3.2015910148620605,23.448711395263672,38.304527282714844,0.98580002784729,0.9865999817848206,0.014199972152709961,0.013400018215179443,0.49540001153945923,0.6241999864578247
290,3.198164701461792,23.345542907714844,38.258811950683594,0.9864000082015991,0.9868999719619751,0.013599991798400879,0.013100028038024902,0.48649999499320984,0.6255000233650208
291,3.1969683170318604,23.283653259277344,38.04469299316406,0.9864000082015991,0.9865999817848206,0.013599991798400879,0.013400018215179443,0.49639999866485596,0.6255000233650208
292,3.201505184173584,23.81989288330078,38.19741439819336,0.9868000149726868,0.9872999787330627,0.013199985027313232,0.012700021266937256,0.5019999742507935,0.6237000226974487
293,3.196138620376587,24.022640228271484,38.36700439453125,0.9869999885559082,0.9865000247955322,0.013000011444091797,0.013499975204467773,0.5031999945640564,0.6230999827384949
294,3.1978917121887207,23.267101287841797,38.00981140136719,0.9868000149726868,0.9873999953269958,0.013199985027313232,0.01260000467300415,0.49219998717308044,0.6216999888420105
295,3.199174642562866,23.21813201904297,38.12161636352539,0.9860000014305115,0.9864000082015991,0.013999998569488525,0.013599991798400879,0.49230000376701355,0.6230000257492065
296,3.203958034515381,23.510456085205078,38.14036560058594,0.9869999885559082,0.9878000020980835,0.013000011444091797,0.012199997901916504,0.49900001287460327,0.6248000264167786
297,3.201261520385742,23.26382827758789,37.992340087890625,0.9865000247955322,0.9868999719619751,0.013499975204467773,0.013100028038024902,0.49779999256134033,0.6258999705314636
298,3.2048964500427246,24.909015655517578,38.75597381591797,0.9865000247955322,0.9866999983787537,0.013499975204467773,0.013300001621246338,0.503000020980835,0.6247000098228455
299,3.1958963871002197,23.45785140991211,37.92784881591797,0.9865000247955322,0.9861000180244446,0.013499975204467773,0.01389998197555542,0.5012999773025513,0.6299999952316284
300,3.19445538520813,23.366451263427734,37.873905181884766,0.986299991607666,0.9866999983787537,0.013700008392333984,0.013300001621246338,0.5023999810218811,0.6274999976158142
